"","YEAR","SPECIES","DISTRICT","SIZE_5MM","PROP_MATURE_mean","PROP_MATURE_lo","PROP_MATURE_hi"
"1",1989,"SNOW","ALL",17.5,5.54186142606649e-05,3.9512834380516e-07,0.000297686937704896
"2",1989,"SNOW","ALL",22.5,0.000915002810434865,3.70428175764833e-05,0.00532995862271076
"3",1989,"SNOW","ALL",27.5,0.00243363865263853,0.000253386111653978,0.0112244793731457
"4",1989,"SNOW","ALL",32.5,0.00166537848036632,0.000387698875811626,0.00529180732646964
"5",1989,"SNOW","ALL",37.5,0.00552153476551715,0.00226424082190916,0.0122527910620111
"6",1989,"SNOW","ALL",42.5,0.0207268321741946,0.0118127897254578,0.0373173665169306
"7",1989,"SNOW","ALL",47.5,0.0595586490517658,0.0358790419404046,0.0953106415078773
"8",1989,"SNOW","ALL",52.5,0.128230390440491,0.0815116517691783,0.196393829671779
"9",1989,"SNOW","ALL",57.5,0.20234008853786,0.141137517672404,0.284433463450224
"10",1989,"SNOW","ALL",62.5,0.2583024727849,0.183448707852912,0.344299929078868
"11",1989,"SNOW","ALL",67.5,0.289735099159798,0.214145002175273,0.373352318913878
"12",1989,"SNOW","ALL",72.5,0.313727774816255,0.240770124703349,0.394217503081866
"13",1989,"SNOW","ALL",77.5,0.324888727771063,0.257988921717354,0.397691403202761
"14",1989,"SNOW","ALL",82.5,0.312499123400665,0.252133418174792,0.37707258281395
"15",1989,"SNOW","ALL",87.5,0.312868360335086,0.24797056236908,0.38785539045068
"16",1989,"SNOW","ALL",92.5,0.368795406829261,0.300276491531883,0.462742744593318
"17",1989,"SNOW","ALL",97.5,0.513913828314801,0.425291007917996,0.613806405715832
"18",1989,"SNOW","ALL",102.5,0.677501702967297,0.587299189399733,0.759347721742712
"19",1989,"SNOW","ALL",107.5,0.843599808400333,0.78706944859279,0.893197557714529
"20",1989,"SNOW","ALL",112.5,0.905106045380871,0.857065214771731,0.938165475078116
"21",1989,"SNOW","ALL",117.5,0.929874704283766,0.892183740786944,0.954963259954555
"22",1989,"SNOW","ALL",122.5,0.94777014230125,0.906483371918936,0.97255737482392
"23",1989,"SNOW","ALL",127.5,0.97244609130341,0.939781148775297,0.988980748476383
"24",1989,"SNOW","ALL",132.5,0.98873603555935,0.962360261176549,0.997719891717593
"25",1989,"SNOW","ALL",137.5,0.987220493458329,0.944179003982458,0.998951851876611
"26",1989,"SNOW","ALL",142.5,0.985934960254532,0.909253649022387,0.999688294549067
"27",1990,"SNOW","ALL",7.5,1.69304495218776e-06,3.07922744880921e-09,1.05855238568746e-05
"28",1990,"SNOW","ALL",12.5,5.72500269149313e-05,3.40112054824932e-07,0.000431024099612005
"29",1990,"SNOW","ALL",17.5,8.04431374503347e-06,1.10861473443163e-07,4.41557471655836e-05
"30",1990,"SNOW","ALL",22.5,0.000663748566942,2.78459712115567e-05,0.00379481662707181
"31",1990,"SNOW","ALL",27.5,0.00118563896407444,0.000117008846435249,0.00496381301880109
"32",1990,"SNOW","ALL",32.5,0.00107768718702497,0.000239900338201044,0.00319894520214342
"33",1990,"SNOW","ALL",37.5,0.00287275331910703,0.00106900424486738,0.00652126268004439
"34",1990,"SNOW","ALL",42.5,0.0136235464094151,0.00591069424171768,0.0368738772558457
"35",1990,"SNOW","ALL",47.5,0.03829209558325,0.0212412167127297,0.0829105534667534
"36",1990,"SNOW","ALL",52.5,0.0774545481065821,0.0538940123342649,0.114430511630238
"37",1990,"SNOW","ALL",57.5,0.122673811225384,0.0933479766958004,0.165255710582296
"38",1990,"SNOW","ALL",62.5,0.151658963753376,0.121850023570043,0.185840055347113
"39",1990,"SNOW","ALL",67.5,0.191736213458708,0.158469455766083,0.232364880459788
"40",1990,"SNOW","ALL",72.5,0.252439996695669,0.206100612270182,0.304938176751187
"41",1990,"SNOW","ALL",77.5,0.287217722519429,0.237711631274017,0.348497020258769
"42",1990,"SNOW","ALL",82.5,0.286606831359066,0.234155975459659,0.346980054648846
"43",1990,"SNOW","ALL",87.5,0.296668994490039,0.236985975088537,0.366544435582212
"44",1990,"SNOW","ALL",92.5,0.318925581283042,0.25510314666095,0.388746425054447
"45",1990,"SNOW","ALL",97.5,0.409614261416528,0.338740427080642,0.48674475240181
"46",1990,"SNOW","ALL",102.5,0.55180581161879,0.47783741167653,0.629031920869788
"47",1990,"SNOW","ALL",107.5,0.714025023349043,0.637840756321894,0.780438138738199
"48",1990,"SNOW","ALL",112.5,0.795053834412637,0.739598205217456,0.842105361449981
"49",1990,"SNOW","ALL",117.5,0.839578152811962,0.790762746704622,0.878593116729913
"50",1990,"SNOW","ALL",122.5,0.865217563856499,0.823735287937394,0.901538609408304
"51",1990,"SNOW","ALL",127.5,0.932896638853396,0.896812372460994,0.956101861067102
"52",1990,"SNOW","ALL",132.5,0.904970058443214,0.81184996653435,0.963670329743316
"53",1990,"SNOW","ALL",137.5,0.959724316687649,0.887103862944389,0.992857408242081
"54",1990,"SNOW","ALL",142.5,0.881292565021496,0.581401076004838,0.992363055348676
"55",1990,"SNOW","ALL",147.5,0.938673076791267,0.67529513713164,0.998518768752641
"56",1991,"SNOW","ALL",12.5,1.85749941933801e-05,1.11698606357296e-07,0.000117734296520444
"57",1991,"SNOW","ALL",17.5,8.84155352172e-05,1.48050403660758e-06,0.000582103613400901
"58",1991,"SNOW","ALL",22.5,0.000216794386604528,1.04835782141751e-05,0.00132535760780031
"59",1991,"SNOW","ALL",27.5,0.000729532885783151,7.05706765375119e-05,0.00350186996526733
"60",1991,"SNOW","ALL",32.5,0.00236728598597688,0.000460232913593652,0.00720652900897092
"61",1991,"SNOW","ALL",37.5,0.00593723924522025,0.00206183719468623,0.0135420437978162
"62",1991,"SNOW","ALL",42.5,0.0207086257117696,0.0111768994357745,0.0362056294024084
"63",1991,"SNOW","ALL",47.5,0.0459078404555644,0.0305615366901583,0.0653024375623495
"64",1991,"SNOW","ALL",52.5,0.0881890011037503,0.0622843045877033,0.120520791745983
"65",1991,"SNOW","ALL",57.5,0.137212273319803,0.0888478729899914,0.206180904633462
"66",1991,"SNOW","ALL",62.5,0.186807918240718,0.126699147818286,0.267359970063194
"67",1991,"SNOW","ALL",67.5,0.232777136123975,0.177064270731417,0.30427607428713
"68",1991,"SNOW","ALL",72.5,0.260369508173809,0.226140840050111,0.293327453209442
"69",1991,"SNOW","ALL",77.5,0.296787620106293,0.257017474252202,0.335845908285034
"70",1991,"SNOW","ALL",82.5,0.26941196879814,0.228740278480341,0.314509153168919
"71",1991,"SNOW","ALL",87.5,0.218506803143439,0.186848032755293,0.259090191086461
"72",1991,"SNOW","ALL",92.5,0.196773832359604,0.165835538090044,0.240056857725145
"73",1991,"SNOW","ALL",97.5,0.317692930870483,0.280130400896316,0.371042699928795
"74",1991,"SNOW","ALL",102.5,0.600297244893793,0.555084835481624,0.650439850507701
"75",1991,"SNOW","ALL",107.5,0.795412688942553,0.746775042236825,0.83625204694476
"76",1991,"SNOW","ALL",112.5,0.85450605197398,0.797550124062345,0.90194570988631
"77",1991,"SNOW","ALL",117.5,0.89185204246179,0.830239510538615,0.935035899942166
"78",1991,"SNOW","ALL",122.5,0.922267083894729,0.875072685532308,0.953451839168867
"79",1991,"SNOW","ALL",127.5,0.946099608136135,0.896175321000174,0.972406463218394
"80",1991,"SNOW","ALL",132.5,0.969071061486274,0.922546706448974,0.990360252782402
"81",1991,"SNOW","ALL",137.5,0.973087069863637,0.88916168984071,0.996905159578321
"82",1991,"SNOW","ALL",142.5,0.982683665144415,0.895068832456209,0.999557264611135
"83",1992,"SNOW","ALL",12.5,0.000754977286926914,4.65792199338907e-06,0.00556339887659239
"84",1992,"SNOW","ALL",17.5,6.58035328715402e-05,9.17518290319276e-07,0.000491255014110389
"85",1992,"SNOW","ALL",22.5,0.000108833188683119,5.16457985219734e-06,0.000608442698765956
"86",1992,"SNOW","ALL",27.5,0.000574626130416548,6.33210107747501e-05,0.00257281647004649
"87",1992,"SNOW","ALL",32.5,0.00317822318555037,0.000748517267375689,0.00980558058664346
"88",1992,"SNOW","ALL",37.5,0.0128463170316966,0.00509740012355886,0.0291724008720475
"89",1992,"SNOW","ALL",42.5,0.0434747309818136,0.0228404188604485,0.0810681976339369
"90",1992,"SNOW","ALL",47.5,0.120343970334531,0.0762932058106789,0.181657391144943
"91",1992,"SNOW","ALL",52.5,0.171996474663603,0.130938376270126,0.221617449820369
"92",1992,"SNOW","ALL",57.5,0.257101263899239,0.208120941339811,0.310539844767447
"93",1992,"SNOW","ALL",62.5,0.303989613906354,0.258942093761,0.350816783567479
"94",1992,"SNOW","ALL",67.5,0.34174259690143,0.289192546527401,0.39828445342474
"95",1992,"SNOW","ALL",72.5,0.392318823294233,0.351695829094987,0.429766080250473
"96",1992,"SNOW","ALL",77.5,0.427318233694462,0.376333194204089,0.473597627279176
"97",1992,"SNOW","ALL",82.5,0.443265243851591,0.395785776130883,0.486593788605134
"98",1992,"SNOW","ALL",87.5,0.449171840701153,0.413783607288866,0.481943715375147
"99",1992,"SNOW","ALL",92.5,0.507192593619103,0.476365465466406,0.537753269337567
"100",1992,"SNOW","ALL",97.5,0.622295245166485,0.587259202943472,0.656874034736697
"101",1992,"SNOW","ALL",102.5,0.786147892100267,0.753983989756967,0.815227513773896
"102",1992,"SNOW","ALL",107.5,0.901853530673019,0.879722977604635,0.921025210388775
"103",1992,"SNOW","ALL",112.5,0.943394096911734,0.929141604313235,0.955702888022453
"104",1992,"SNOW","ALL",117.5,0.95753580506634,0.943803028802635,0.968703113000509
"105",1992,"SNOW","ALL",122.5,0.968759531217128,0.955799144222532,0.978480936993555
"106",1992,"SNOW","ALL",127.5,0.981087040384285,0.968114858023319,0.989818196150969
"107",1992,"SNOW","ALL",132.5,0.98493051005718,0.965707730272908,0.995742945886063
"108",1992,"SNOW","ALL",137.5,0.976763099185227,0.923596361989347,0.997812969337693
"109",1992,"SNOW","ALL",142.5,0.978368258145037,0.876770357779203,0.999580639986651
"110",1993,"SNOW","ALL",12.5,1.30746398560518e-05,7.22687812799735e-08,9.23185556128464e-05
"111",1993,"SNOW","ALL",17.5,5.14518946533121e-05,7.97808804238035e-07,0.000376076863055293
"112",1993,"SNOW","ALL",22.5,0.000263378836168272,1.3370052741142e-05,0.00129810045028769
"113",1993,"SNOW","ALL",27.5,0.000479147621765652,5.23932865439665e-05,0.00214599944294021
"114",1993,"SNOW","ALL",32.5,0.0018998436879642,0.000412188414013045,0.00611341287697938
"115",1993,"SNOW","ALL",37.5,0.0134595257145908,0.00487807901864233,0.0348306375045987
"116",1993,"SNOW","ALL",42.5,0.044434351734241,0.0238751382554,0.0782493717025086
"117",1993,"SNOW","ALL",47.5,0.108865386795633,0.0675534922216035,0.160657374942514
"118",1993,"SNOW","ALL",52.5,0.162693029520346,0.114461593957201,0.225464650356281
"119",1993,"SNOW","ALL",57.5,0.253668907734848,0.198944370182528,0.324027023180349
"120",1993,"SNOW","ALL",62.5,0.313551056223906,0.249022080699831,0.389119240539785
"121",1993,"SNOW","ALL",67.5,0.419370077910655,0.357624222744998,0.486110216112952
"122",1993,"SNOW","ALL",72.5,0.549260863974192,0.477018161298796,0.617907243984389
"123",1993,"SNOW","ALL",77.5,0.602186612733494,0.541867411747192,0.656731762292813
"124",1993,"SNOW","ALL",82.5,0.617453734369258,0.559224796089085,0.670573068345555
"125",1993,"SNOW","ALL",87.5,0.636812547380743,0.588860517162429,0.684673893844081
"126",1993,"SNOW","ALL",92.5,0.662644096425375,0.614984028419571,0.703910432413757
"127",1993,"SNOW","ALL",97.5,0.760603977518805,0.717840267565512,0.79400285214426
"128",1993,"SNOW","ALL",102.5,0.869235385517181,0.838871145038452,0.892861725622238
"129",1993,"SNOW","ALL",107.5,0.931663625810251,0.909836777023201,0.947858335197281
"130",1993,"SNOW","ALL",112.5,0.960416336948748,0.945152672879286,0.971742424910212
"131",1993,"SNOW","ALL",117.5,0.973291872302825,0.96309183321604,0.98134524349835
"132",1993,"SNOW","ALL",122.5,0.982205478526903,0.973708541294078,0.988159096167127
"133",1993,"SNOW","ALL",127.5,0.985811013055876,0.974705961605659,0.992831841768613
"134",1993,"SNOW","ALL",132.5,0.994724557465588,0.987448611635692,0.998378165440183
"135",1993,"SNOW","ALL",137.5,0.988299629712698,0.943430011929387,0.999090338057233
"136",1993,"SNOW","ALL",142.5,0.998950329502611,0.9925634470141,0.999973175533989
"137",1994,"SNOW","ALL",17.5,0.000421196977355566,2.97265657128313e-06,0.00325406028835432
"138",1994,"SNOW","ALL",22.5,7.76601182739806e-05,3.37066044024128e-06,0.00043830492721911
"139",1994,"SNOW","ALL",27.5,0.000192432959568835,1.9277071380923e-05,0.00077622787133033
"140",1994,"SNOW","ALL",32.5,0.000776185174302584,0.000175958271790581,0.00225428014757086
"141",1994,"SNOW","ALL",37.5,0.00384174592872474,0.00168384685633878,0.00745205278983659
"142",1994,"SNOW","ALL",42.5,0.0168709382608259,0.0105652928261359,0.0270458466936503
"143",1994,"SNOW","ALL",47.5,0.0519286483141486,0.0373757769793103,0.0724436863920669
"144",1994,"SNOW","ALL",52.5,0.112875163414834,0.0867460499611331,0.141548060486263
"145",1994,"SNOW","ALL",57.5,0.178084065175198,0.141358163194624,0.221638577220831
"146",1994,"SNOW","ALL",62.5,0.217160274367545,0.173941832814372,0.271734769637435
"147",1994,"SNOW","ALL",67.5,0.252910071015486,0.208354271354307,0.302091135935725
"148",1994,"SNOW","ALL",72.5,0.308094817669475,0.259666609191158,0.359834624879042
"149",1994,"SNOW","ALL",77.5,0.351294926738093,0.310120658262927,0.398172095142201
"150",1994,"SNOW","ALL",82.5,0.367239847464582,0.325252093110159,0.411022048318442
"151",1994,"SNOW","ALL",87.5,0.359110155282796,0.315929309166948,0.40334554872577
"152",1994,"SNOW","ALL",92.5,0.424089248834558,0.377585410284746,0.473272039368642
"153",1994,"SNOW","ALL",97.5,0.575055297318627,0.521859916471238,0.62571885340041
"154",1994,"SNOW","ALL",102.5,0.782204942151663,0.722565251682542,0.829199384226088
"155",1994,"SNOW","ALL",107.5,0.88533563630914,0.847258946028075,0.917821844582477
"156",1994,"SNOW","ALL",112.5,0.948695437152919,0.928110286139339,0.966090508869422
"157",1994,"SNOW","ALL",117.5,0.950891329129787,0.910970522998652,0.972825733268621
"158",1994,"SNOW","ALL",122.5,0.968017560440508,0.945786121412433,0.982142233561435
"159",1994,"SNOW","ALL",127.5,0.980184367470158,0.962302082786875,0.990366331418908
"160",1994,"SNOW","ALL",132.5,0.979075278079351,0.938798329558341,0.994939191360517
"161",1994,"SNOW","ALL",137.5,0.997720175236332,0.989146688370048,0.999798243691391
"162",1994,"SNOW","ALL",142.5,0.966690029184045,0.827636368791531,0.999210925914362
"163",1995,"SNOW","ALL",22.5,0.000427806298037738,1.90404207426501e-05,0.00236799055197511
"164",1995,"SNOW","ALL",27.5,0.000171602097093242,1.42437632748211e-05,0.000719670349553285
"165",1995,"SNOW","ALL",32.5,0.000895605912973812,0.000151930963613796,0.00316140727956041
"166",1995,"SNOW","ALL",37.5,0.00393693067788945,0.00126693561499232,0.0108614560036411
"167",1995,"SNOW","ALL",42.5,0.0129785824495577,0.00611719653404234,0.0300401572563701
"168",1995,"SNOW","ALL",47.5,0.0363150069664378,0.0240031529113538,0.0543691704186725
"169",1995,"SNOW","ALL",52.5,0.0969938729127488,0.076826057791548,0.12494017634019
"170",1995,"SNOW","ALL",57.5,0.175100780870083,0.141101801330462,0.217731295170866
"171",1995,"SNOW","ALL",62.5,0.239882904756255,0.200192027016519,0.287091599177259
"172",1995,"SNOW","ALL",67.5,0.293071436104558,0.254861958602353,0.332776693349691
"173",1995,"SNOW","ALL",72.5,0.333927068011768,0.294541450978354,0.378592291984947
"174",1995,"SNOW","ALL",77.5,0.366890704324568,0.333108019755745,0.407706034876774
"175",1995,"SNOW","ALL",82.5,0.36128322263867,0.328213234842652,0.396708087317197
"176",1995,"SNOW","ALL",87.5,0.331341283596287,0.296581716766666,0.368380948257081
"177",1995,"SNOW","ALL",92.5,0.423233173038204,0.380156320242078,0.470634860112407
"178",1995,"SNOW","ALL",97.5,0.532687984252871,0.471306511266738,0.598375639433404
"179",1995,"SNOW","ALL",102.5,0.686326759361611,0.621818904697976,0.743713062498978
"180",1995,"SNOW","ALL",107.5,0.861541010165729,0.811573118231499,0.901008762341402
"181",1995,"SNOW","ALL",112.5,0.953911459798783,0.935825414618068,0.967332309001319
"182",1995,"SNOW","ALL",117.5,0.971614741002257,0.956561178346282,0.981573789322755
"183",1995,"SNOW","ALL",122.5,0.984073374870144,0.972952428480393,0.990662528497438
"184",1995,"SNOW","ALL",127.5,0.992043686595519,0.983453060461117,0.996565351864059
"185",1995,"SNOW","ALL",132.5,0.99420730231444,0.982217524212445,0.998623178344409
"186",1995,"SNOW","ALL",137.5,0.993282108847065,0.964499907062592,0.999546642021356
"187",1996,"SNOW","ALL",12.5,0.000242435753875202,1.25065988979757e-06,0.00125962590011048
"188",1996,"SNOW","ALL",17.5,0.00281826146320458,3.10253371757235e-05,0.0254189491200683
"189",1996,"SNOW","ALL",22.5,0.00276556908602858,9.92796769917988e-05,0.0171549885016237
"190",1996,"SNOW","ALL",27.5,0.00585475056170428,0.000475684254544208,0.0249641301227319
"191",1996,"SNOW","ALL",32.5,0.00363670712464859,0.000341852644832321,0.0174181762536945
"192",1996,"SNOW","ALL",37.5,0.0111215340464413,0.00126183735287001,0.0447429553057992
"193",1996,"SNOW","ALL",42.5,0.041273876624076,0.00782735131169501,0.13056424939677
"194",1996,"SNOW","ALL",47.5,0.11010582687267,0.0321975978752819,0.27904474873013
"195",1996,"SNOW","ALL",52.5,0.1876789268111,0.0961757345448878,0.322836034650661
"196",1996,"SNOW","ALL",57.5,0.240932328052309,0.169592253531699,0.322809288462797
"197",1996,"SNOW","ALL",62.5,0.260018249340111,0.20156635758856,0.33260555650299
"198",1996,"SNOW","ALL",67.5,0.301705470703152,0.244685136076064,0.37991722667706
"199",1996,"SNOW","ALL",72.5,0.339949769874689,0.293582223550352,0.398190168301771
"200",1996,"SNOW","ALL",77.5,0.356643997231454,0.313206534226778,0.403785213533658
"201",1996,"SNOW","ALL",82.5,0.351078677184944,0.315924027705975,0.392392427495207
"202",1996,"SNOW","ALL",87.5,0.328830643092289,0.294717790644016,0.374370891079821
"203",1996,"SNOW","ALL",92.5,0.36248818780928,0.328274822350167,0.403450858922336
"204",1996,"SNOW","ALL",97.5,0.443378758087388,0.408612478863833,0.48406998231589
"205",1996,"SNOW","ALL",102.5,0.612762576913246,0.569423033859435,0.661560266835395
"206",1996,"SNOW","ALL",107.5,0.777455491462083,0.735592698485533,0.817001608597677
"207",1996,"SNOW","ALL",112.5,0.85175947160688,0.807649146320235,0.891684245033468
"208",1996,"SNOW","ALL",117.5,0.876328395924853,0.828171551443505,0.916143614044545
"209",1996,"SNOW","ALL",122.5,0.946618131991381,0.919743083705896,0.965351805216635
"210",1996,"SNOW","ALL",127.5,0.953831541581688,0.913622029789159,0.979505650893123
"211",1996,"SNOW","ALL",132.5,0.949998020635289,0.864589898755671,0.987844399422746
"212",1997,"SNOW","ALL",12.5,0.00204304274366778,3.34928033934685e-06,0.011639510686203
"213",1997,"SNOW","ALL",17.5,0.00379167057166155,6.40714731116767e-05,0.0218233648431101
"214",1997,"SNOW","ALL",22.5,0.00137501696682909,3.29427021492806e-05,0.00783180317887545
"215",1997,"SNOW","ALL",27.5,0.00857089743954577,0.000826030772999566,0.0370419754905198
"216",1997,"SNOW","ALL",32.5,0.0181891160140375,0.00342552776649508,0.0681458096181126
"217",1997,"SNOW","ALL",37.5,0.00355098533281394,0.00132904180845896,0.00731949520004172
"218",1997,"SNOW","ALL",42.5,0.00701171025302592,0.00388227952431359,0.0112623538975221
"219",1997,"SNOW","ALL",47.5,0.0123679371135464,0.00689174701388213,0.0226487807129325
"220",1997,"SNOW","ALL",52.5,0.035065476576701,0.0231267877488684,0.0546122224846559
"221",1997,"SNOW","ALL",57.5,0.0865589906397942,0.0675220732164356,0.113330524873896
"222",1997,"SNOW","ALL",62.5,0.141555033395107,0.117018202013803,0.171396245566938
"223",1997,"SNOW","ALL",67.5,0.19642717394406,0.168357042586894,0.226455770510334
"224",1997,"SNOW","ALL",72.5,0.255156034721649,0.222463382979355,0.286795240401598
"225",1997,"SNOW","ALL",77.5,0.285075471297883,0.256373023202574,0.313669224940829
"226",1997,"SNOW","ALL",82.5,0.278022646620827,0.251464113439126,0.304219688187151
"227",1997,"SNOW","ALL",87.5,0.293200453209256,0.269235874369004,0.32065860185077
"228",1997,"SNOW","ALL",92.5,0.313169128998394,0.28701125710481,0.34059234836553
"229",1997,"SNOW","ALL",97.5,0.40433226114336,0.370067723081816,0.437608828248977
"230",1997,"SNOW","ALL",102.5,0.543931554670275,0.500072180000176,0.593286096266363
"231",1997,"SNOW","ALL",107.5,0.716624733196374,0.668546264930855,0.763648517560049
"232",1997,"SNOW","ALL",112.5,0.807997178446766,0.755160513150468,0.855706734629746
"233",1997,"SNOW","ALL",117.5,0.872643155378772,0.829473722453359,0.912094607113498
"234",1997,"SNOW","ALL",122.5,0.923536291472938,0.892687663493511,0.948722644359074
"235",1997,"SNOW","ALL",127.5,0.973874411750868,0.954129302888604,0.988485698931657
"236",1997,"SNOW","ALL",132.5,0.982776627884994,0.958402193453816,0.995080557479534
"237",1997,"SNOW","ALL",137.5,0.995393994272287,0.98102490630341,0.999666374462701
"238",1997,"SNOW","ALL",142.5,0.998440632310925,0.991327730845475,0.999944421811349
"239",1998,"SNOW","ALL",12.5,0.00024395786023314,4.50726792913456e-07,0.00165993121350863
"240",1998,"SNOW","ALL",17.5,0.000848415941967726,9.6931694496324e-06,0.00531690778669409
"241",1998,"SNOW","ALL",22.5,0.00162947883059274,6.86400237528535e-05,0.00910282771003545
"242",1998,"SNOW","ALL",27.5,0.0118784895547518,0.00130111170008979,0.0523347452847023
"243",1998,"SNOW","ALL",32.5,0.00839744956303288,0.00197090341046168,0.0244923426549754
"244",1998,"SNOW","ALL",37.5,0.0100261345779915,0.00379371034157509,0.0299285195011477
"245",1998,"SNOW","ALL",42.5,0.0219378299773168,0.00984119350877266,0.0583716565252778
"246",1998,"SNOW","ALL",47.5,0.0397382414047771,0.0213238956805997,0.0811343755189887
"247",1998,"SNOW","ALL",52.5,0.0786321817348509,0.05577150426649,0.111705162722875
"248",1998,"SNOW","ALL",57.5,0.134531405353755,0.101022998486277,0.176715940500344
"249",1998,"SNOW","ALL",62.5,0.19185387432551,0.152618668497076,0.241144911715112
"250",1998,"SNOW","ALL",67.5,0.260890039173545,0.22063542975131,0.308877472285979
"251",1998,"SNOW","ALL",72.5,0.322373898228376,0.277808755215952,0.374736668219439
"252",1998,"SNOW","ALL",77.5,0.343514316921991,0.310181881860767,0.378000525768763
"253",1998,"SNOW","ALL",82.5,0.341113775981729,0.318245797811196,0.370428064200944
"254",1998,"SNOW","ALL",87.5,0.36531806006383,0.338592503125078,0.392409664201945
"255",1998,"SNOW","ALL",92.5,0.398311977850551,0.372234851832865,0.423749168924548
"256",1998,"SNOW","ALL",97.5,0.536514160864849,0.506212522431263,0.562437315923881
"257",1998,"SNOW","ALL",102.5,0.733250438923344,0.706829995976941,0.758139074584502
"258",1998,"SNOW","ALL",107.5,0.872892198649752,0.853589548699751,0.892490304101978
"259",1998,"SNOW","ALL",112.5,0.92136218712228,0.905900765296191,0.936058246816693
"260",1998,"SNOW","ALL",117.5,0.938455254776992,0.921732317762394,0.953063805762559
"261",1998,"SNOW","ALL",122.5,0.963000259308695,0.948845896689081,0.973558575232018
"262",1998,"SNOW","ALL",127.5,0.977349552655757,0.961947162615503,0.987900875812235
"263",1998,"SNOW","ALL",132.5,0.985636915643885,0.962945705777534,0.99605803285617
"264",1998,"SNOW","ALL",137.5,0.98877125965742,0.95296119061109,0.999015553666493
"265",1998,"SNOW","ALL",152.5,0.993349545738629,0.947123863467371,0.999979028641703
"266",1999,"SNOW","ALL",12.5,0.0019551767258971,3.7852455613817e-06,0.0141852927632501
"267",1999,"SNOW","ALL",17.5,7.85160796053838e-05,1.12939130704158e-06,0.000593434889472707
"268",1999,"SNOW","ALL",22.5,0.00196157877742135,8.35104715317375e-05,0.00968834736042208
"269",1999,"SNOW","ALL",27.5,0.00192236461213021,0.000229948448265275,0.00716687071744495
"270",1999,"SNOW","ALL",32.5,0.00203485668510693,0.000510748802462411,0.00541736511756007
"271",1999,"SNOW","ALL",37.5,0.00765066186862739,0.00344662018060748,0.014417236725888
"272",1999,"SNOW","ALL",42.5,0.0178384427759198,0.0105505551337047,0.033268262064004
"273",1999,"SNOW","ALL",47.5,0.054575123623009,0.0343392696773602,0.0910136093297507
"274",1999,"SNOW","ALL",52.5,0.113392144298588,0.0804132821255836,0.168927207035531
"275",1999,"SNOW","ALL",57.5,0.17790282060362,0.138177348547093,0.232923064301129
"276",1999,"SNOW","ALL",62.5,0.236920518112002,0.197783222554676,0.281186408688951
"277",1999,"SNOW","ALL",67.5,0.305241469467498,0.259735492564213,0.349850200430374
"278",1999,"SNOW","ALL",72.5,0.342229040809815,0.294616852136231,0.399566222535639
"279",1999,"SNOW","ALL",77.5,0.401170757150732,0.348247005555826,0.463840260569383
"280",1999,"SNOW","ALL",82.5,0.404434434514829,0.357833703579265,0.448328626033578
"281",1999,"SNOW","ALL",87.5,0.430494268695332,0.388332355134233,0.471088403096094
"282",1999,"SNOW","ALL",92.5,0.505065114804329,0.457537183406053,0.545542263449358
"283",1999,"SNOW","ALL",97.5,0.64339993908971,0.593885293892807,0.6893693427577
"284",1999,"SNOW","ALL",102.5,0.783752679407277,0.734637419826882,0.828314450510954
"285",1999,"SNOW","ALL",107.5,0.896295679059994,0.852335100530947,0.926923993932849
"286",1999,"SNOW","ALL",112.5,0.925367687709663,0.884292969350694,0.952968233333015
"287",1999,"SNOW","ALL",117.5,0.942240789356804,0.890910072256316,0.969065033171707
"288",1999,"SNOW","ALL",122.5,0.951882080972109,0.910274454654519,0.976891343502038
"289",1999,"SNOW","ALL",127.5,0.961277200322659,0.906151444272867,0.987308876448602
"290",1999,"SNOW","ALL",132.5,0.975416213680574,0.920469216687856,0.994430968898488
"291",1999,"SNOW","ALL",137.5,0.978762258426935,0.910779369930318,0.998174219434093
"292",2000,"SNOW","ALL",7.5,4.14725752634266e-05,6.44458424565061e-08,0.000271656321167173
"293",2000,"SNOW","ALL",12.5,3.16160646332591e-06,1.85897547348016e-08,2.52728754495305e-05
"294",2000,"SNOW","ALL",17.5,0.00169072708745275,2.7829870246382e-05,0.0119170011840518
"295",2000,"SNOW","ALL",22.5,0.00410267794269901,0.000151125355554373,0.0239889462555054
"296",2000,"SNOW","ALL",27.5,0.00149587578103208,0.000171827558981152,0.00676908617366397
"297",2000,"SNOW","ALL",32.5,0.00234598526089556,0.000487936822954463,0.00714250700998648
"298",2000,"SNOW","ALL",37.5,0.00488372326187974,0.00205668224586229,0.0107147871505356
"299",2000,"SNOW","ALL",42.5,0.0134623396156404,0.00828646247773594,0.022531884466559
"300",2000,"SNOW","ALL",47.5,0.0393426585165134,0.0270032219101031,0.0565003227848245
"301",2000,"SNOW","ALL",52.5,0.0830472626177714,0.0643236157365303,0.109008625046522
"302",2000,"SNOW","ALL",57.5,0.187479647058503,0.16032042679222,0.215837204467786
"303",2000,"SNOW","ALL",62.5,0.217616935598832,0.190023670383261,0.255511307004084
"304",2000,"SNOW","ALL",67.5,0.288240273286554,0.258962134673335,0.321511166673226
"305",2000,"SNOW","ALL",72.5,0.350222926345127,0.310849548018887,0.388600527781814
"306",2000,"SNOW","ALL",77.5,0.385976651465251,0.347773819117044,0.423829854658994
"307",2000,"SNOW","ALL",82.5,0.388033089046385,0.345181509738898,0.434566371140738
"308",2000,"SNOW","ALL",87.5,0.441231350397837,0.400932797184717,0.484231592218093
"309",2000,"SNOW","ALL",92.5,0.532703582921973,0.486093091934594,0.580408306356721
"310",2000,"SNOW","ALL",97.5,0.704973384646791,0.660315327325767,0.74582277374576
"311",2000,"SNOW","ALL",102.5,0.862946450799409,0.834245471188916,0.89009192946192
"312",2000,"SNOW","ALL",107.5,0.949648745313199,0.935321925801067,0.96195108076549
"313",2000,"SNOW","ALL",112.5,0.970200057229136,0.959745234991639,0.978790530655424
"314",2000,"SNOW","ALL",117.5,0.977395290994473,0.967998324537562,0.985238898734624
"315",2000,"SNOW","ALL",122.5,0.985333505245819,0.975393907786223,0.991424374990024
"316",2000,"SNOW","ALL",127.5,0.990577767962134,0.981709655322397,0.99578079688065
"317",2000,"SNOW","ALL",132.5,0.992863685614177,0.98048393582976,0.998221258911195
"318",2000,"SNOW","ALL",137.5,0.99218448255603,0.963142655490872,0.999595190760654
"319",2001,"SNOW","ALL",12.5,9.43510519620971e-06,4.93391250398779e-08,6.28892076880459e-05
"320",2001,"SNOW","ALL",17.5,0.000482552910428943,6.03945339774494e-06,0.00340939565577499
"321",2001,"SNOW","ALL",22.5,0.000473745823859487,2.34681968983727e-05,0.00251063183580473
"322",2001,"SNOW","ALL",27.5,0.000741030513939186,9.41332410048179e-05,0.00274336226075407
"323",2001,"SNOW","ALL",32.5,0.00906685057556731,0.00218759667983184,0.0254847326042145
"324",2001,"SNOW","ALL",37.5,0.00398877038560477,0.00170125773061113,0.00828749767739733
"325",2001,"SNOW","ALL",42.5,0.0136593997890976,0.00756009113341022,0.023292049738541
"326",2001,"SNOW","ALL",47.5,0.0319087247160259,0.022974960948919,0.0438181908668608
"327",2001,"SNOW","ALL",52.5,0.0718647517684579,0.0567982001142723,0.0905328872893308
"328",2001,"SNOW","ALL",57.5,0.121743861799167,0.100076082376742,0.150913339340593
"329",2001,"SNOW","ALL",62.5,0.179682410427696,0.149407486634281,0.219216691332977
"330",2001,"SNOW","ALL",67.5,0.225664003204259,0.187831368067793,0.270470634337946
"331",2001,"SNOW","ALL",72.5,0.283561917372269,0.246676669112837,0.323121507899498
"332",2001,"SNOW","ALL",77.5,0.31897957221137,0.286265416317179,0.356831331493719
"333",2001,"SNOW","ALL",82.5,0.334065351351159,0.304416676132544,0.369963485636298
"334",2001,"SNOW","ALL",87.5,0.360895435565554,0.328062998946195,0.39760053412731
"335",2001,"SNOW","ALL",92.5,0.440317325470186,0.408355626315337,0.476796966638026
"336",2001,"SNOW","ALL",97.5,0.590620584419589,0.551948283207429,0.628651774927978
"337",2001,"SNOW","ALL",102.5,0.811311878988684,0.778377646165727,0.840652555423444
"338",2001,"SNOW","ALL",107.5,0.90546560009428,0.887008535020756,0.922066552180772
"339",2001,"SNOW","ALL",112.5,0.959400334628116,0.949670114661467,0.96756033972154
"340",2001,"SNOW","ALL",117.5,0.970245244473013,0.960869173061492,0.978165274239718
"341",2001,"SNOW","ALL",122.5,0.973684608858171,0.962354496268936,0.98277743193245
"342",2001,"SNOW","ALL",127.5,0.981670700226762,0.963669105658813,0.990503316069801
"343",2001,"SNOW","ALL",132.5,0.999125454879503,0.997397916271763,0.999809652035675
"344",2001,"SNOW","ALL",142.5,0.999022682548276,0.995242735623264,0.999954317011103
"345",2002,"SNOW","ALL",12.5,2.5989899594738e-06,1.19908868820797e-08,1.67041146280897e-05
"346",2002,"SNOW","ALL",17.5,8.15760357389662e-05,7.24665524289195e-07,0.000527231414926765
"347",2002,"SNOW","ALL",22.5,0.000337593466928768,1.01670977227528e-05,0.002034727103059
"348",2002,"SNOW","ALL",27.5,0.00198070562037868,0.000209469867125019,0.00782772101793877
"349",2002,"SNOW","ALL",32.5,0.00127029781331775,0.000254924645797237,0.00356856601301249
"350",2002,"SNOW","ALL",37.5,0.00716105744692904,0.00266642980976987,0.0162377412933359
"351",2002,"SNOW","ALL",42.5,0.0172662207164879,0.0088935731050013,0.0284851256073185
"352",2002,"SNOW","ALL",47.5,0.027502449315497,0.0161961275651516,0.0455848499903218
"353",2002,"SNOW","ALL",52.5,0.0518122651616552,0.0301976122427606,0.0852106222660248
"354",2002,"SNOW","ALL",57.5,0.0970925845068675,0.0627872511724419,0.144475396801272
"355",2002,"SNOW","ALL",62.5,0.141724979294257,0.0855184166546503,0.224216622232067
"356",2002,"SNOW","ALL",67.5,0.187004794777947,0.129425989492031,0.259044882380277
"357",2002,"SNOW","ALL",72.5,0.242966118602726,0.172480516714458,0.341006245689368
"358",2002,"SNOW","ALL",77.5,0.292976637534247,0.238089328696297,0.350474194873106
"359",2002,"SNOW","ALL",82.5,0.308527469913947,0.260732292468451,0.35953413819532
"360",2002,"SNOW","ALL",87.5,0.329546029129514,0.27209757599155,0.385956816483866
"361",2002,"SNOW","ALL",92.5,0.41540198359589,0.343504312893881,0.4854641030097
"362",2002,"SNOW","ALL",97.5,0.571352342009047,0.502624518858536,0.63909133093132
"363",2002,"SNOW","ALL",102.5,0.758006011795042,0.686407947330813,0.814185204700233
"364",2002,"SNOW","ALL",107.5,0.893850351076758,0.848981953363801,0.925234201443684
"365",2002,"SNOW","ALL",112.5,0.940530944006173,0.909025292063131,0.960891115864103
"366",2002,"SNOW","ALL",117.5,0.95663117549826,0.925999575675066,0.974460654327673
"367",2002,"SNOW","ALL",122.5,0.979650553694521,0.963501259138049,0.988951415660784
"368",2002,"SNOW","ALL",127.5,0.986539953248218,0.973506035612019,0.993850467213488
"369",2002,"SNOW","ALL",132.5,0.982770332338403,0.939480851533381,0.997144221261613
"370",2002,"SNOW","ALL",142.5,0.997241795326759,0.985045110368343,0.999931368431562
"371",2003,"SNOW","ALL",7.5,3.36510886391083e-06,6.2865178367016e-09,2.20146170072721e-05
"372",2003,"SNOW","ALL",12.5,0.000119474929334577,6.61212528821446e-07,0.000732183765729097
"373",2003,"SNOW","ALL",17.5,0.000243556600280299,3.62683561324747e-06,0.00188659165898765
"374",2003,"SNOW","ALL",22.5,6.28062247727605e-05,2.71782368498534e-06,0.00031658573895159
"375",2003,"SNOW","ALL",27.5,0.000221762475756112,2.05416123036617e-05,0.000854030293922129
"376",2003,"SNOW","ALL",32.5,0.000970578424512512,0.000197944651570945,0.00282022678215866
"377",2003,"SNOW","ALL",37.5,0.00498255719619511,0.00151576362161195,0.0150450208268983
"378",2003,"SNOW","ALL",42.5,0.011178063671876,0.00658019611878074,0.0185587970630805
"379",2003,"SNOW","ALL",47.5,0.0401417813168337,0.0253552923940955,0.0658108762471678
"380",2003,"SNOW","ALL",52.5,0.0870927296624196,0.0615633656651767,0.124205335335362
"381",2003,"SNOW","ALL",57.5,0.131199889803151,0.0895131075748803,0.185391193172322
"382",2003,"SNOW","ALL",62.5,0.140310313189319,0.108023999935499,0.1799877006537
"383",2003,"SNOW","ALL",67.5,0.179094605988678,0.139092924659366,0.218337200813108
"384",2003,"SNOW","ALL",72.5,0.227037437404965,0.180544626299979,0.285365849287975
"385",2003,"SNOW","ALL",77.5,0.267352369699671,0.225871857233858,0.313546632031501
"386",2003,"SNOW","ALL",82.5,0.254265663088846,0.219547130726855,0.293756525101632
"387",2003,"SNOW","ALL",87.5,0.271802505736339,0.238137538365922,0.306742110003436
"388",2003,"SNOW","ALL",92.5,0.322856013323802,0.279303502000393,0.36531183807197
"389",2003,"SNOW","ALL",97.5,0.454383570024487,0.405154039824259,0.502970651886715
"390",2003,"SNOW","ALL",102.5,0.679480087614388,0.631225511489218,0.725322738372888
"391",2003,"SNOW","ALL",107.5,0.824930112363389,0.778878379924593,0.869136548904541
"392",2003,"SNOW","ALL",112.5,0.882958089728435,0.838252214334967,0.918558917964775
"393",2003,"SNOW","ALL",117.5,0.915032936253423,0.881330216458604,0.942654741749431
"394",2003,"SNOW","ALL",122.5,0.936586908105042,0.90481934899803,0.959058585493216
"395",2003,"SNOW","ALL",127.5,0.972892681570766,0.948908993614151,0.986392792970788
"396",2003,"SNOW","ALL",132.5,0.974966342855877,0.927019869659891,0.995692226637553
"397",2003,"SNOW","ALL",137.5,0.998168324750591,0.992431521481991,0.999832920111812
"398",2004,"SNOW","ALL",12.5,2.81082193523605e-05,1.22800794225209e-07,0.000196102817766847
"399",2004,"SNOW","ALL",17.5,0.00034988311478933,4.80331964627613e-06,0.00218725923996395
"400",2004,"SNOW","ALL",22.5,0.000109981476155685,4.36448663347216e-06,0.000540130333405912
"401",2004,"SNOW","ALL",27.5,0.00122767428988444,0.000129780548408163,0.00505325331456933
"402",2004,"SNOW","ALL",32.5,0.00417511561910308,0.000742837114698778,0.0139964230622589
"403",2004,"SNOW","ALL",37.5,0.0160357871904989,0.00429632511168942,0.0421396052158425
"404",2004,"SNOW","ALL",42.5,0.0318319011461208,0.0127929276118958,0.0650687650136824
"405",2004,"SNOW","ALL",47.5,0.0483556930154104,0.0106937231508117,0.150982918021858
"406",2004,"SNOW","ALL",52.5,0.109608184931885,0.0330182281935219,0.276851839901957
"407",2004,"SNOW","ALL",57.5,0.180364686510425,0.0892102512178393,0.326297306067375
"408",2004,"SNOW","ALL",62.5,0.251429284666545,0.157351813477312,0.357500197269775
"409",2004,"SNOW","ALL",67.5,0.316618434952005,0.221897339397313,0.417456753270812
"410",2004,"SNOW","ALL",72.5,0.38266728254124,0.272321270074077,0.493421309821849
"411",2004,"SNOW","ALL",77.5,0.434508046995788,0.305188870659466,0.570431134611424
"412",2004,"SNOW","ALL",82.5,0.458644113014691,0.302790317907841,0.600693515619099
"413",2004,"SNOW","ALL",87.5,0.440356616147619,0.356999244714748,0.53973533291758
"414",2004,"SNOW","ALL",92.5,0.489476232862825,0.422187442145165,0.57286330283957
"415",2004,"SNOW","ALL",97.5,0.618567948822954,0.549092709922314,0.684321258401796
"416",2004,"SNOW","ALL",102.5,0.772989464476999,0.721335860422193,0.825197409564503
"417",2004,"SNOW","ALL",107.5,0.879796200038154,0.833832305004384,0.918457407173179
"418",2004,"SNOW","ALL",112.5,0.929380364235011,0.896885508335159,0.953893342434567
"419",2004,"SNOW","ALL",117.5,0.944582003069061,0.918072387613412,0.964017624179709
"420",2004,"SNOW","ALL",122.5,0.963227365437521,0.940020040338909,0.979046232450786
"421",2004,"SNOW","ALL",127.5,0.97636682981368,0.957353365139667,0.988373734809626
"422",2004,"SNOW","ALL",132.5,0.984129729121929,0.959511996599249,0.995504565215958
"423",2004,"SNOW","ALL",137.5,0.990942830918766,0.965316976589932,0.998899281574942
"424",2004,"SNOW","ALL",142.5,0.981457789418708,0.909029201293547,0.999143241235366
"425",2005,"SNOW","ALL",12.5,1.50932003865399e-05,9.73965737516187e-08,0.000120467504392161
"426",2005,"SNOW","ALL",17.5,0.00032650652291342,5.36942606663256e-06,0.00253982131084031
"427",2005,"SNOW","ALL",22.5,0.00031944581493241,1.48287478054447e-05,0.00196192465325107
"428",2005,"SNOW","ALL",27.5,0.0038127061868445,0.000334978239012309,0.0175520734759416
"429",2005,"SNOW","ALL",32.5,0.00637039603010285,0.00117779735567882,0.0228391954928114
"430",2005,"SNOW","ALL",37.5,0.0155259122654293,0.0058983833880204,0.0357706191762671
"431",2005,"SNOW","ALL",42.5,0.0322527829473669,0.0188061152767749,0.0506925258579062
"432",2005,"SNOW","ALL",47.5,0.127164583436036,0.0857134501598903,0.182946632372112
"433",2005,"SNOW","ALL",52.5,0.215689031365409,0.166093098193804,0.280438616290331
"434",2005,"SNOW","ALL",57.5,0.205475091233579,0.170605155761026,0.250499754698799
"435",2005,"SNOW","ALL",62.5,0.247556959511885,0.199562636358293,0.311249241770353
"436",2005,"SNOW","ALL",67.5,0.329256564193463,0.269229913009167,0.403392401642458
"437",2005,"SNOW","ALL",72.5,0.413330158611728,0.346636166359217,0.484141778313109
"438",2005,"SNOW","ALL",77.5,0.469852117844562,0.390813763552291,0.556802975705095
"439",2005,"SNOW","ALL",82.5,0.480947679338731,0.407764197154821,0.565776840420441
"440",2005,"SNOW","ALL",87.5,0.506563031114589,0.433679817343235,0.589410242129526
"441",2005,"SNOW","ALL",92.5,0.545418249102101,0.472141862526231,0.626214856234605
"442",2005,"SNOW","ALL",97.5,0.674267929027931,0.610140072915163,0.737001203489712
"443",2005,"SNOW","ALL",102.5,0.840158762776808,0.799836519575915,0.876190351797409
"444",2005,"SNOW","ALL",107.5,0.926000574207946,0.898512656696901,0.945130295157405
"445",2005,"SNOW","ALL",112.5,0.962845136838001,0.946998163915383,0.974025847085865
"446",2005,"SNOW","ALL",117.5,0.969346575389861,0.955224046052946,0.979791912507332
"447",2005,"SNOW","ALL",122.5,0.982595276397078,0.972263344353325,0.989063971421404
"448",2005,"SNOW","ALL",127.5,0.991050614500449,0.982759596088593,0.995327376595442
"449",2005,"SNOW","ALL",132.5,0.994669125956748,0.987218606209213,0.99844254946319
"450",2005,"SNOW","ALL",137.5,0.994201463871241,0.978189303589788,0.999251722860131
"451",2005,"SNOW","ALL",142.5,0.996057924103626,0.979905804661595,0.999843279761783
"452",2006,"SNOW","ALL",17.5,8.94380237677095e-05,1.4169213342696e-06,0.000544565319646333
"453",2006,"SNOW","ALL",22.5,0.000275732205006402,9.8816809626305e-06,0.00164954547105118
"454",2006,"SNOW","ALL",27.5,0.000260582176116501,2.77052888755568e-05,0.00117523247909911
"455",2006,"SNOW","ALL",32.5,0.00108011667676204,0.000254681775443769,0.00318565603979579
"456",2006,"SNOW","ALL",37.5,0.00401884523432755,0.00160185082490003,0.00930774769280648
"457",2006,"SNOW","ALL",42.5,0.0193541958278517,0.0083036037139446,0.0400855455840836
"458",2006,"SNOW","ALL",47.5,0.0499550414616442,0.0305767954434626,0.0790648796864181
"459",2006,"SNOW","ALL",52.5,0.123194820119166,0.0857712942498373,0.17664098982326
"460",2006,"SNOW","ALL",57.5,0.153396710276929,0.118589974439888,0.197434127940375
"461",2006,"SNOW","ALL",62.5,0.20448195914619,0.164796068002232,0.25375198614713
"462",2006,"SNOW","ALL",67.5,0.254715868389114,0.206873845066852,0.314450166644095
"463",2006,"SNOW","ALL",72.5,0.29440583381328,0.250701902953257,0.34343499898131
"464",2006,"SNOW","ALL",77.5,0.325370772521413,0.278649641854957,0.379713687570556
"465",2006,"SNOW","ALL",82.5,0.335571861235345,0.276150208628002,0.403823362201596
"466",2006,"SNOW","ALL",87.5,0.377036358959011,0.317433782022829,0.439125002482565
"467",2006,"SNOW","ALL",92.5,0.492755735333909,0.424131287657835,0.561684086814697
"468",2006,"SNOW","ALL",97.5,0.580639032216102,0.507244447557495,0.657220797125198
"469",2006,"SNOW","ALL",102.5,0.73271256254308,0.615699065707576,0.831429897336596
"470",2006,"SNOW","ALL",107.5,0.901867823226859,0.859690613660656,0.938521037707647
"471",2006,"SNOW","ALL",112.5,0.950582388891892,0.914880692177625,0.974505324629366
"472",2006,"SNOW","ALL",117.5,0.968782829191651,0.948535791636104,0.982685949569399
"473",2006,"SNOW","ALL",122.5,0.984075540870538,0.969065702755419,0.992680115475893
"474",2006,"SNOW","ALL",127.5,0.98760796831913,0.968256949937674,0.996552514118752
"475",2006,"SNOW","ALL",132.5,0.970506763375003,0.876969615328249,0.996663497828943
"476",2006,"SNOW","ALL",137.5,0.993945781575066,0.968961608085645,0.999536259692205
"477",2007,"SNOW","ALL",7.5,5.9562254790638e-06,4.9559108542367e-09,4.65627651532461e-05
"478",2007,"SNOW","ALL",12.5,0.000381226454961002,1.58949491601931e-06,0.00305212766547439
"479",2007,"SNOW","ALL",17.5,3.67543932422983e-05,4.8268316766445e-07,0.000210671908787871
"480",2007,"SNOW","ALL",22.5,0.000119496669968678,4.92252695739329e-06,0.000658495721059682
"481",2007,"SNOW","ALL",27.5,0.00116825303518251,0.000102643146475727,0.00528455930848684
"482",2007,"SNOW","ALL",32.5,0.00242028010000149,0.000566352431581085,0.00727285787194972
"483",2007,"SNOW","ALL",37.5,0.00521746398127022,0.00206922655996637,0.0112615236017774
"484",2007,"SNOW","ALL",42.5,0.0173015915820224,0.0097244943885623,0.0316414121043324
"485",2007,"SNOW","ALL",47.5,0.0598745997722962,0.0387005087820925,0.0967570027969516
"486",2007,"SNOW","ALL",52.5,0.141562649271188,0.104877111840337,0.193265054445605
"487",2007,"SNOW","ALL",57.5,0.241007578659706,0.19075427592087,0.294826643448478
"488",2007,"SNOW","ALL",62.5,0.296495055666352,0.249961968701212,0.346596157375041
"489",2007,"SNOW","ALL",67.5,0.346590855563863,0.295651600682433,0.402845510602748
"490",2007,"SNOW","ALL",72.5,0.352957331396715,0.299882783810476,0.410170452871782
"491",2007,"SNOW","ALL",77.5,0.365580016727353,0.3110363678481,0.421232288816851
"492",2007,"SNOW","ALL",82.5,0.345605609456767,0.30012703953339,0.389028402494458
"493",2007,"SNOW","ALL",87.5,0.3448162497383,0.297693395641942,0.387539492082281
"494",2007,"SNOW","ALL",92.5,0.411704487698033,0.361282423722417,0.457875744350893
"495",2007,"SNOW","ALL",97.5,0.565885268816066,0.512566321353203,0.616473563486922
"496",2007,"SNOW","ALL",102.5,0.762413791637685,0.717244566223717,0.805647932491496
"497",2007,"SNOW","ALL",107.5,0.887352905433388,0.855235677867847,0.913698084608807
"498",2007,"SNOW","ALL",112.5,0.949923776641555,0.925793966383596,0.964914179944505
"499",2007,"SNOW","ALL",117.5,0.96277999042181,0.932899018895105,0.97831505895454
"500",2007,"SNOW","ALL",122.5,0.966682110023175,0.946501452995642,0.981175172032528
"501",2007,"SNOW","ALL",127.5,0.984649424015586,0.964758656155569,0.993689743004693
"502",2007,"SNOW","ALL",132.5,0.994137136092679,0.982618452820908,0.998740763969037
"503",2009,"SNOW","ALL",12.5,0.000748620776290303,4.48395753198974e-06,0.00432449071565675
"504",2009,"SNOW","ALL",17.5,0.000348734160274081,6.28957249948047e-06,0.00195009348914012
"505",2009,"SNOW","ALL",22.5,0.000561545692464944,2.75858063079615e-05,0.00232419985004195
"506",2009,"SNOW","ALL",27.5,0.000816370502147332,0.000100193737806622,0.00313478827841802
"507",2009,"SNOW","ALL",32.5,0.00184679027733843,0.000414173307239042,0.00527439508580686
"508",2009,"SNOW","ALL",37.5,0.0064074579315738,0.00182119006044773,0.0191672563313171
"509",2009,"SNOW","ALL",42.5,0.0224551524386613,0.0120188684060477,0.0385740542485989
"510",2009,"SNOW","ALL",47.5,0.070338820915364,0.0407207426545055,0.111220981713279
"511",2009,"SNOW","ALL",52.5,0.172871445944611,0.116285310790916,0.240162497976769
"512",2009,"SNOW","ALL",57.5,0.255898339990541,0.188679718813984,0.337180589707787
"513",2009,"SNOW","ALL",62.5,0.314842648345357,0.22671631332547,0.433551112779971
"514",2009,"SNOW","ALL",67.5,0.356985863332409,0.284643989218663,0.438969554698036
"515",2009,"SNOW","ALL",72.5,0.382278003320746,0.31960167164439,0.437622811765225
"516",2009,"SNOW","ALL",77.5,0.392478917088007,0.330405215657256,0.450055572795394
"517",2009,"SNOW","ALL",82.5,0.365779332839844,0.306681027298863,0.421693599654073
"518",2009,"SNOW","ALL",87.5,0.349282420191792,0.296692626616327,0.401952945160435
"519",2009,"SNOW","ALL",92.5,0.380919561536571,0.329186851877454,0.441137562382837
"520",2009,"SNOW","ALL",97.5,0.494626942770841,0.434549820468524,0.560264634106565
"521",2009,"SNOW","ALL",102.5,0.697689492860577,0.634593548141792,0.755140006209746
"522",2009,"SNOW","ALL",107.5,0.856373169310331,0.808303353185311,0.889552956764389
"523",2009,"SNOW","ALL",112.5,0.917236821802751,0.880136833759652,0.942040829100813
"524",2009,"SNOW","ALL",117.5,0.934124139530944,0.901501650494549,0.957661534148264
"525",2009,"SNOW","ALL",122.5,0.949928156173326,0.91616173815357,0.973709443249163
"526",2009,"SNOW","ALL",127.5,0.961713887062635,0.923833265754399,0.983002253746185
"527",2009,"SNOW","ALL",132.5,0.974379854796759,0.931608780767838,0.994006271587575
"528",2009,"SNOW","ALL",137.5,0.992496821360304,0.964171624012334,0.99927971214997
"529",2009,"SNOW","ALL",147.5,0.983221496614862,0.890943156322835,0.999799736449979
"530",2010,"SNOW","ALL",7.5,0.00051612776878456,5.53184604307422e-07,0.00397831360652043
"531",2010,"SNOW","ALL",12.5,0.000612568334789203,3.62320253981116e-06,0.00450366164891
"532",2010,"SNOW","ALL",17.5,0.000708761459883508,1.18165255472404e-05,0.00509280549516047
"533",2010,"SNOW","ALL",22.5,0.000296159743161705,1.45113600912891e-05,0.00185655884901182
"534",2010,"SNOW","ALL",27.5,0.000504619234283892,4.658851474435e-05,0.00207046209214325
"535",2010,"SNOW","ALL",32.5,0.0023004713458058,0.000435136160253291,0.00760331228648129
"536",2010,"SNOW","ALL",37.5,0.00596122120930651,0.00218080200574483,0.0142452075165702
"537",2010,"SNOW","ALL",42.5,0.0241479725757728,0.0130322493503797,0.0462050395555949
"538",2010,"SNOW","ALL",47.5,0.079222381041242,0.0463446123739996,0.134132730435002
"539",2010,"SNOW","ALL",52.5,0.165167394984753,0.112258895350655,0.234734382668886
"540",2010,"SNOW","ALL",57.5,0.286629996573825,0.206697082697485,0.385644638518557
"541",2010,"SNOW","ALL",62.5,0.379446057734853,0.277803566247436,0.481068447978493
"542",2010,"SNOW","ALL",67.5,0.429785146637625,0.321502468206982,0.536071947673061
"543",2010,"SNOW","ALL",72.5,0.458830227723273,0.371490306173038,0.543508321576486
"544",2010,"SNOW","ALL",77.5,0.475147253317121,0.385020895318114,0.567590689085818
"545",2010,"SNOW","ALL",82.5,0.460430356052236,0.362211164487882,0.567680373624072
"546",2010,"SNOW","ALL",87.5,0.470459734776142,0.354497361036953,0.591509057597647
"547",2010,"SNOW","ALL",92.5,0.536066281212793,0.402390925036726,0.672178512092379
"548",2010,"SNOW","ALL",97.5,0.643814208873907,0.48683682187025,0.780687097137427
"549",2010,"SNOW","ALL",102.5,0.789334700777546,0.675834610148747,0.874026809995668
"550",2010,"SNOW","ALL",107.5,0.883885153868771,0.790547410508602,0.942143684929902
"551",2010,"SNOW","ALL",112.5,0.91168669049237,0.821484597773655,0.960234878391635
"552",2010,"SNOW","ALL",117.5,0.927437993137669,0.849632298680667,0.971256785554895
"553",2010,"SNOW","ALL",122.5,0.945437295440972,0.87881628141691,0.980185015230087
"554",2010,"SNOW","ALL",127.5,0.965887414890629,0.915403661947132,0.989216278151791
"555",2010,"SNOW","ALL",132.5,0.975635169826206,0.93277857440971,0.994243150870108
"556",2010,"SNOW","ALL",137.5,0.979247627940279,0.925175742803604,0.998578248963708
"557",2010,"SNOW","ALL",142.5,0.988997381571369,0.929543547180858,0.999768883235247
"558",2011,"SNOW","ALL",12.5,0.00269358481435272,8.93298201536336e-06,0.024421759037236
"559",2011,"SNOW","ALL",17.5,6.9226341605814e-05,1.36274989012722e-06,0.000554655002515087
"560",2011,"SNOW","ALL",22.5,0.0008475469226619,2.8234069401965e-05,0.00519018815357676
"561",2011,"SNOW","ALL",27.5,0.000817152285472384,7.4384699337902e-05,0.00395723856652719
"562",2011,"SNOW","ALL",32.5,0.0021639429085442,0.000431338121200407,0.00741837758914335
"563",2011,"SNOW","ALL",37.5,0.00480151749089323,0.0015416904045867,0.0136541930745811
"564",2011,"SNOW","ALL",42.5,0.0225175875225773,0.0113564093735059,0.0438320969389336
"565",2011,"SNOW","ALL",47.5,0.0826150705081438,0.0505004381075368,0.128625856607173
"566",2011,"SNOW","ALL",52.5,0.197555797763497,0.142901218471907,0.270119270760165
"567",2011,"SNOW","ALL",57.5,0.308283481747261,0.242622407527441,0.389553312297194
"568",2011,"SNOW","ALL",62.5,0.413081438847147,0.311760336107684,0.499097483859304
"569",2011,"SNOW","ALL",67.5,0.46877708427978,0.363241334789165,0.560653969212819
"570",2011,"SNOW","ALL",72.5,0.466296040032031,0.390471854706371,0.537165039885053
"571",2011,"SNOW","ALL",77.5,0.494546803141202,0.403293187112616,0.570928284958234
"572",2011,"SNOW","ALL",82.5,0.440095741103368,0.35363879284408,0.52765778069302
"573",2011,"SNOW","ALL",87.5,0.472762266071215,0.396682362299036,0.55045347716078
"574",2011,"SNOW","ALL",92.5,0.601229029175372,0.535903069724406,0.665066566137568
"575",2011,"SNOW","ALL",97.5,0.737872057158679,0.67774320681087,0.792298061101274
"576",2011,"SNOW","ALL",102.5,0.831099037806461,0.790589226866462,0.867125960698131
"577",2011,"SNOW","ALL",107.5,0.90350387926206,0.878533570080106,0.927408538957772
"578",2011,"SNOW","ALL",112.5,0.928582224123792,0.900510405965832,0.950131741419912
"579",2011,"SNOW","ALL",117.5,0.924819201042452,0.8855072693082,0.952369538405877
"580",2011,"SNOW","ALL",122.5,0.938900768998508,0.89954035936428,0.965149365682924
"581",2011,"SNOW","ALL",127.5,0.956584063962451,0.915594984886868,0.979611847646155
"582",2011,"SNOW","ALL",132.5,0.961644229905297,0.907220098483876,0.987895936981748
"583",2011,"SNOW","ALL",137.5,0.969556247208636,0.906221630332122,0.996453218811174
"584",2011,"SNOW","ALL",147.5,0.946193078616186,0.609837914927088,0.999494739016815
"585",2011,"SNOW","ALL",152.5,0.969322432877533,0.751373439273977,0.999903848823822
"586",2013,"SNOW","ALL",12.5,0.000115962728393374,7.18434057863131e-07,0.000785597464216711
"587",2013,"SNOW","ALL",17.5,0.0013984342793037,1.82499599312121e-05,0.00898697945210244
"588",2013,"SNOW","ALL",22.5,0.00173663793794488,7.09456829645256e-05,0.00911636681734909
"589",2013,"SNOW","ALL",27.5,0.00158876213766046,0.00019606646790015,0.00582978988070991
"590",2013,"SNOW","ALL",32.5,0.00326034801843349,0.000841173075842223,0.00990580249171746
"591",2013,"SNOW","ALL",37.5,0.00848825058289669,0.00374254364407668,0.0181518466130849
"592",2013,"SNOW","ALL",42.5,0.0275541825401788,0.0176321136003586,0.0434495018290558
"593",2013,"SNOW","ALL",47.5,0.0654116297655626,0.0454878298158522,0.0953924124697166
"594",2013,"SNOW","ALL",52.5,0.122067128834967,0.0913786008706673,0.158156227405702
"595",2013,"SNOW","ALL",57.5,0.232888845372212,0.18185260102104,0.293975834848464
"596",2013,"SNOW","ALL",62.5,0.295221351196131,0.240039210330813,0.35831270672061
"597",2013,"SNOW","ALL",67.5,0.357189316492839,0.299370290095278,0.419974558453662
"598",2013,"SNOW","ALL",72.5,0.402915260702863,0.337559887989966,0.485196375475433
"599",2013,"SNOW","ALL",77.5,0.413073163124562,0.344135979817661,0.489552488518151
"600",2013,"SNOW","ALL",82.5,0.381524820239995,0.30310814722478,0.472754191320895
"601",2013,"SNOW","ALL",87.5,0.392153626677388,0.321670745129384,0.471894166124182
"602",2013,"SNOW","ALL",92.5,0.4877838557305,0.430654072572883,0.549547492349599
"603",2013,"SNOW","ALL",97.5,0.577690175668948,0.508336311346972,0.647707669771078
"604",2013,"SNOW","ALL",102.5,0.707850152146897,0.63074447582184,0.776762202301289
"605",2013,"SNOW","ALL",107.5,0.821995171698016,0.752570808287933,0.879530905829905
"606",2013,"SNOW","ALL",112.5,0.857252044557212,0.778814513039921,0.920341414642163
"607",2013,"SNOW","ALL",117.5,0.883788840902859,0.807233243593886,0.939817328212058
"608",2013,"SNOW","ALL",122.5,0.918757314683927,0.85811109000539,0.958480540861441
"609",2013,"SNOW","ALL",127.5,0.954118770653485,0.917475540103993,0.978840211124087
"610",2013,"SNOW","ALL",132.5,0.978065992206684,0.940351370777137,0.994269256390944
"611",2013,"SNOW","ALL",137.5,0.938351203454615,0.75095705320836,0.995225134237839
"612",2013,"SNOW","ALL",142.5,0.993184389397356,0.959283411644828,0.999872769428493
"613",2015,"SNOW","ALL",12.5,0.000739365182121263,1.96156077308217e-06,0.00594603779932503
"614",2015,"SNOW","ALL",17.5,0.000217089475819226,3.15523041007614e-06,0.0015683061361231
"615",2015,"SNOW","ALL",22.5,0.000737880657441109,2.64064950554533e-05,0.00388370478050503
"616",2015,"SNOW","ALL",27.5,0.000817188915892755,7.5378924097054e-05,0.00350155948589812
"617",2015,"SNOW","ALL",32.5,0.00168010125276644,0.000317873275886787,0.00574921413813553
"618",2015,"SNOW","ALL",37.5,0.00463318615006403,0.00153309396519062,0.0110383264157488
"619",2015,"SNOW","ALL",42.5,0.0206097169264633,0.00948576403424198,0.0409561919207031
"620",2015,"SNOW","ALL",47.5,0.062421619301466,0.0315649203018161,0.110770078449503
"621",2015,"SNOW","ALL",52.5,0.138405926347242,0.0680895980593679,0.242213515279741
"622",2015,"SNOW","ALL",57.5,0.218296161713597,0.119826126284615,0.350091871639829
"623",2015,"SNOW","ALL",62.5,0.277415307301891,0.16459506989777,0.407521043049979
"624",2015,"SNOW","ALL",67.5,0.325786559956894,0.221428784928047,0.44453941876925
"625",2015,"SNOW","ALL",72.5,0.379068810295822,0.264702514638,0.497075256022228
"626",2015,"SNOW","ALL",77.5,0.422383859536514,0.323807400628048,0.521300878696007
"627",2015,"SNOW","ALL",82.5,0.428458119915006,0.323227129815344,0.538921677697477
"628",2015,"SNOW","ALL",87.5,0.462961024876818,0.371894109684929,0.556276242257812
"629",2015,"SNOW","ALL",92.5,0.500258330512295,0.413553667319947,0.580274232923665
"630",2015,"SNOW","ALL",97.5,0.64870792260362,0.565089431472434,0.72474458230304
"631",2015,"SNOW","ALL",102.5,0.803130623474654,0.738193517078427,0.858984900244033
"632",2015,"SNOW","ALL",107.5,0.885939017378746,0.836621811271743,0.926532792433654
"633",2015,"SNOW","ALL",112.5,0.925206117230004,0.879855775578777,0.958309625084029
"634",2015,"SNOW","ALL",117.5,0.924319927318801,0.851999757842044,0.967339144569938
"635",2015,"SNOW","ALL",122.5,0.93442255869321,0.8520288659844,0.975786750067005
"636",2015,"SNOW","ALL",127.5,0.956236718733249,0.893851027726633,0.987050089818581
"637",2015,"SNOW","ALL",132.5,0.970063260297718,0.909641886496846,0.994533277784316
"638",2015,"SNOW","ALL",137.5,0.978915157217367,0.924802896903817,0.998012793931724
"639",2015,"SNOW","ALL",142.5,0.98119025959394,0.886613549946255,0.999466716688533
"640",2017,"SNOW","ALL",7.5,3.01315957209569e-05,4.15167606417755e-08,0.000281684929621281
"641",2017,"SNOW","ALL",12.5,0.000501532946477377,2.47073509162515e-06,0.00320993606752499
"642",2017,"SNOW","ALL",17.5,0.0012626289000646,1.57592683205465e-05,0.00816222048324569
"643",2017,"SNOW","ALL",22.5,0.00037819072330882,1.72562335038872e-05,0.00188181130108364
"644",2017,"SNOW","ALL",27.5,0.000532859691392139,6.40995107649043e-05,0.00217391718225928
"645",2017,"SNOW","ALL",32.5,0.00162215927025047,0.000376330220015398,0.00516045983191033
"646",2017,"SNOW","ALL",37.5,0.00683213581973791,0.0029198574754791,0.0141552318413015
"647",2017,"SNOW","ALL",42.5,0.0273341043072139,0.0167777588159922,0.0418825449243279
"648",2017,"SNOW","ALL",47.5,0.0756506855119299,0.0567457154973808,0.0998666220765884
"649",2017,"SNOW","ALL",52.5,0.166022701183862,0.136106011879886,0.198373957887201
"650",2017,"SNOW","ALL",57.5,0.243446179858014,0.210452116245037,0.283375483218169
"651",2017,"SNOW","ALL",62.5,0.304836263176516,0.263984737090274,0.351898622007215
"652",2017,"SNOW","ALL",67.5,0.38780093579923,0.338488753241123,0.439546090909883
"653",2017,"SNOW","ALL",72.5,0.41306479158437,0.365473685532893,0.458265966977804
"654",2017,"SNOW","ALL",77.5,0.456315327620896,0.401066765468919,0.504977513033408
"655",2017,"SNOW","ALL",82.5,0.463464482843327,0.414296812967971,0.513684387227124
"656",2017,"SNOW","ALL",87.5,0.578313631961786,0.527129434578861,0.62513127152919
"657",2017,"SNOW","ALL",92.5,0.628227922328163,0.590384927387391,0.663308404618467
"658",2017,"SNOW","ALL",97.5,0.757397173841251,0.731135056203028,0.782504352296593
"659",2017,"SNOW","ALL",102.5,0.867044180404715,0.841513097882705,0.889447033525265
"660",2017,"SNOW","ALL",107.5,0.943195001674461,0.926073253389627,0.956360963019089
"661",2017,"SNOW","ALL",112.5,0.974685883986506,0.965056502042833,0.981569995047453
"662",2017,"SNOW","ALL",117.5,0.98721330286871,0.980911119316627,0.991607505804274
"663",2017,"SNOW","ALL",122.5,0.989789062401251,0.984060124320216,0.994038925303732
"664",2017,"SNOW","ALL",127.5,0.995573555927468,0.991533004253869,0.997862279139446
"665",2017,"SNOW","ALL",132.5,0.997249494592844,0.990571052391562,0.999513205050592
"666",2017,"SNOW","ALL",137.5,0.998607336555217,0.993944110947257,0.999883412505146
"667",2017,"SNOW","ALL",142.5,0.998593295460434,0.991659447147942,0.999952199077831
"668",2018,"SNOW","ALL",7.5,0.000170970375182388,3.07252450240445e-07,0.00104210253805456
"669",2018,"SNOW","ALL",12.5,0.000157119096261783,7.8725276173881e-07,0.000829665158106206
"670",2018,"SNOW","ALL",17.5,0.00305582287757914,4.18576006586716e-05,0.0164121385673268
"671",2018,"SNOW","ALL",22.5,0.00106956765592387,5.92319904504e-05,0.00556139918032913
"672",2018,"SNOW","ALL",27.5,0.00212156479219094,0.00025969334143179,0.00900861526614642
"673",2018,"SNOW","ALL",32.5,0.0036292553058209,0.000997714732685631,0.0109584885664578
"674",2018,"SNOW","ALL",37.5,0.00882741335266258,0.00348215359339341,0.0199827962678345
"675",2018,"SNOW","ALL",42.5,0.0313394331803993,0.0184844798782608,0.0480292323139786
"676",2018,"SNOW","ALL",47.5,0.0932807964258537,0.0662757860302184,0.127399161408755
"677",2018,"SNOW","ALL",52.5,0.200772743372913,0.158257242527812,0.251075559096683
"678",2018,"SNOW","ALL",57.5,0.306381975407704,0.260379251171765,0.353729537606822
"679",2018,"SNOW","ALL",62.5,0.378216205341349,0.333806717940706,0.420119552638755
"680",2018,"SNOW","ALL",67.5,0.444202993126827,0.395518754505282,0.490643823046874
"681",2018,"SNOW","ALL",72.5,0.52438548245617,0.470442658040156,0.580371990117199
"682",2018,"SNOW","ALL",77.5,0.577290644876768,0.52729151408483,0.629526733313502
"683",2018,"SNOW","ALL",82.5,0.59732985030998,0.54406178663435,0.650262645533743
"684",2018,"SNOW","ALL",87.5,0.599478393822943,0.543743915986205,0.657225353041563
"685",2018,"SNOW","ALL",92.5,0.601838254419602,0.540341620216053,0.67586718222607
"686",2018,"SNOW","ALL",97.5,0.694860318914392,0.617063101280935,0.77551613418865
"687",2018,"SNOW","ALL",102.5,0.838880423472729,0.770308196545571,0.889465933979688
"688",2018,"SNOW","ALL",107.5,0.92275534157074,0.863669577426996,0.95596767972998
"689",2018,"SNOW","ALL",112.5,0.952949636453369,0.914770816406998,0.973517781168197
"690",2018,"SNOW","ALL",117.5,0.977716946015583,0.957760964767289,0.987618268706641
"691",2018,"SNOW","ALL",122.5,0.990664841536566,0.980764106164028,0.995509887648139
"692",2018,"SNOW","ALL",127.5,0.993333956307913,0.984826516700647,0.997414937762849
"693",2018,"SNOW","ALL",132.5,0.995662854615289,0.987051857063198,0.999188440231527
"694",2018,"SNOW","ALL",137.5,0.998151963179963,0.992917528863204,0.999872441993385
"695",2019,"SNOW","ALL",12.5,0.000551338424044749,2.38771045529556e-06,0.00396348344177919
"696",2019,"SNOW","ALL",17.5,0.00316583334591553,4.14260196376588e-05,0.0231530959608955
"697",2019,"SNOW","ALL",22.5,0.0153873199380521,0.000823042821981525,0.0882379920699941
"698",2019,"SNOW","ALL",27.5,0.0108439911094631,0.00128783245387788,0.0410108302533972
"699",2019,"SNOW","ALL",32.5,0.0223030257882093,0.00451835163988323,0.076678465250042
"700",2019,"SNOW","ALL",37.5,0.0586498172556152,0.0347176588353346,0.0866465078643772
"701",2019,"SNOW","ALL",42.5,0.0256564397220195,0.017968511981325,0.0347234956278867
"702",2019,"SNOW","ALL",47.5,0.0510476160066497,0.0363060269620805,0.0696998642439075
"703",2019,"SNOW","ALL",52.5,0.114794791927926,0.0897363052912624,0.148609613216018
"704",2019,"SNOW","ALL",57.5,0.189717938651896,0.159975731795222,0.226693709753562
"705",2019,"SNOW","ALL",62.5,0.212039161406909,0.17791661389027,0.254652519548559
"706",2019,"SNOW","ALL",67.5,0.250924781561212,0.212681731752528,0.298050643980231
"707",2019,"SNOW","ALL",72.5,0.305500508385235,0.263663320999245,0.354743149174966
"708",2019,"SNOW","ALL",77.5,0.388780955966241,0.342020436080037,0.438179569591528
"709",2019,"SNOW","ALL",82.5,0.448773054467122,0.396552749525958,0.501653756707164
"710",2019,"SNOW","ALL",87.5,0.514334801620397,0.467273089565739,0.561801606677311
"711",2019,"SNOW","ALL",92.5,0.580130275978382,0.531744461249559,0.632206028401736
"712",2019,"SNOW","ALL",97.5,0.67469710002364,0.619715271568577,0.731201306058955
"713",2019,"SNOW","ALL",102.5,0.83576262474448,0.801155720883382,0.866807311625993
"714",2019,"SNOW","ALL",107.5,0.898556793506087,0.860520930460108,0.925746287443533
"715",2019,"SNOW","ALL",112.5,0.919634226110557,0.872138815928993,0.949459827048379
"716",2019,"SNOW","ALL",117.5,0.929898106865855,0.883323935075869,0.959530338240275
"717",2019,"SNOW","ALL",122.5,0.954111453597144,0.913917241773502,0.977371715018042
"718",2019,"SNOW","ALL",127.5,0.926480951776109,0.862448215073604,0.968557949517137
"719",2019,"SNOW","ALL",132.5,0.998316188952712,0.994299712482711,0.999717754234928
"720",2019,"SNOW","ALL",137.5,0.991688028006033,0.968659962101742,0.999144745550961
"721",2021,"SNOW","ALL",7.5,0.000855040591833211,6.59641134360418e-07,0.00437642910994035
"722",2021,"SNOW","ALL",12.5,1.6367441120087e-05,4.08286985485289e-08,8.84755275268648e-05
"723",2021,"SNOW","ALL",17.5,0.000463083390116418,6.65575350765847e-06,0.00357183210459054
"724",2021,"SNOW","ALL",22.5,0.00113069660740186,4.05722325061152e-05,0.00540864160255314
"725",2021,"SNOW","ALL",27.5,0.00418013603045922,0.000425209062657521,0.0153365666016247
"726",2021,"SNOW","ALL",32.5,0.010373493711816,0.00239041032118428,0.0281510212315055
"727",2021,"SNOW","ALL",37.5,0.0117083932505617,0.00462227972990805,0.0274994750788379
"728",2021,"SNOW","ALL",42.5,0.0482130978934529,0.0293514873598652,0.0779677557305724
"729",2021,"SNOW","ALL",47.5,0.0955724805552462,0.0592334839197832,0.150112303957105
"730",2021,"SNOW","ALL",52.5,0.291389856164048,0.233520708411465,0.3586294929456
"731",2021,"SNOW","ALL",57.5,0.373026828072555,0.319790286836118,0.432737507121404
"732",2021,"SNOW","ALL",62.5,0.41664697161483,0.371718898277873,0.466292860121723
"733",2021,"SNOW","ALL",67.5,0.412783551424812,0.369394783858715,0.456728719372864
"734",2021,"SNOW","ALL",72.5,0.403262476910171,0.354238178768844,0.461885014555327
"735",2021,"SNOW","ALL",77.5,0.398495501647948,0.336473768399558,0.476612423092808
"736",2021,"SNOW","ALL",82.5,0.411360874947329,0.351282253624513,0.483419809853466
"737",2021,"SNOW","ALL",87.5,0.485866289214697,0.436277189998424,0.541448256492461
"738",2021,"SNOW","ALL",92.5,0.607702816940728,0.565359243074615,0.653080648543219
"739",2021,"SNOW","ALL",97.5,0.792187875353692,0.763633800717201,0.82181224743538
"740",2021,"SNOW","ALL",102.5,0.910997409188701,0.892725815894208,0.926568675685859
"741",2021,"SNOW","ALL",107.5,0.961755806855702,0.951112525328119,0.970704942436177
"742",2021,"SNOW","ALL",112.5,0.984867136336493,0.979659110366311,0.988812165009721
"743",2021,"SNOW","ALL",117.5,0.981593646967669,0.972912895334936,0.988107085889868
"744",2021,"SNOW","ALL",122.5,0.991304876599449,0.983751402107491,0.995754036854408
"745",2021,"SNOW","ALL",127.5,0.995651640905196,0.989758092289218,0.998677753193417
"746",2021,"SNOW","ALL",132.5,0.998585696717607,0.995592629472677,0.999795171644269
"747",2022,"SNOW","ALL",12.5,9.42734671367078e-05,1.87935798687075e-07,0.000407318259016598
"748",2022,"SNOW","ALL",17.5,0.00016521437120187,1.05790950272627e-06,0.000666565749287812
"749",2022,"SNOW","ALL",22.5,0.000103548858344944,4.62526993822667e-06,0.000590082608348074
"750",2022,"SNOW","ALL",27.5,0.000645731637690028,7.04551945024858e-05,0.00251898566797621
"751",2022,"SNOW","ALL",32.5,0.00427739695877766,0.000866075080679505,0.012407738864403
"752",2022,"SNOW","ALL",37.5,0.00830378410429202,0.00333536141135844,0.0172390322618576
"753",2022,"SNOW","ALL",42.5,0.0320549464828009,0.0144706982045888,0.0633986039932574
"754",2022,"SNOW","ALL",47.5,0.0667209979239273,0.0371583668975107,0.107308207120128
"755",2022,"SNOW","ALL",52.5,0.121719974299122,0.0799430404960337,0.174092578133459
"756",2022,"SNOW","ALL",57.5,0.161157079286637,0.106109221506343,0.230590524923356
"757",2022,"SNOW","ALL",62.5,0.219671560706958,0.141340844340451,0.313995076122232
"758",2022,"SNOW","ALL",67.5,0.284507593715858,0.18505133573835,0.407396813545269
"759",2022,"SNOW","ALL",72.5,0.334562489561472,0.249054838868091,0.435945525312882
"760",2022,"SNOW","ALL",77.5,0.390181431061265,0.289238216039358,0.50273574348546
"761",2022,"SNOW","ALL",82.5,0.436710134570534,0.351997207107796,0.515015076826766
"762",2022,"SNOW","ALL",87.5,0.452547865735813,0.361766643693691,0.544894598247827
"763",2022,"SNOW","ALL",92.5,0.552665008009126,0.488602491393566,0.618057211972641
"764",2022,"SNOW","ALL",97.5,0.68899503488674,0.606105916057345,0.762328791797787
"765",2022,"SNOW","ALL",102.5,0.840232972367127,0.782021784217184,0.886422928229969
"766",2022,"SNOW","ALL",107.5,0.919059097623668,0.873137986236479,0.950444058768513
"767",2022,"SNOW","ALL",112.5,0.957202566726977,0.929558470286664,0.974636159979554
"768",2022,"SNOW","ALL",117.5,0.970475848120279,0.94781749985357,0.982958878928758
"769",2022,"SNOW","ALL",122.5,0.982711265824348,0.969203877021313,0.990582972093396
"770",2022,"SNOW","ALL",127.5,0.988047297238706,0.971961429396565,0.995974815751406
"771",2022,"SNOW","ALL",132.5,0.997847072323042,0.991855753257737,0.9996531590976
"772",2022,"SNOW","ALL",137.5,0.993409514665768,0.969823160670799,0.999584144464999
"773",2023,"SNOW","ALL",12.5,4.03916916269099e-05,2.88777558569688e-07,0.000268981487652015
"774",2023,"SNOW","ALL",17.5,3.93103432814958e-05,7.44747367189015e-07,0.000288330245763824
"775",2023,"SNOW","ALL",22.5,0.000212438784947512,8.40828677890881e-06,0.00118013772000966
"776",2023,"SNOW","ALL",27.5,0.000678252923804543,6.08779338249814e-05,0.00316160067566387
"777",2023,"SNOW","ALL",32.5,0.00146368585643436,0.000291935142453929,0.00555427092285537
"778",2023,"SNOW","ALL",37.5,0.00635982032362677,0.00244385252773636,0.0173388848669733
"779",2023,"SNOW","ALL",42.5,0.0245108971885353,0.0167443135390895,0.0368246004954568
"780",2023,"SNOW","ALL",47.5,0.08333719200166,0.0632827599455099,0.111014563816008
"781",2023,"SNOW","ALL",52.5,0.14824489844088,0.116349132569123,0.188656219557659
"782",2023,"SNOW","ALL",57.5,0.236834351536815,0.185383116625188,0.297528813883778
"783",2023,"SNOW","ALL",62.5,0.300688013324912,0.239911821894258,0.368676479028996
"784",2023,"SNOW","ALL",67.5,0.363355050514664,0.300346229505716,0.426821568463556
"785",2023,"SNOW","ALL",72.5,0.40863694937215,0.347622622630986,0.475048001190836
"786",2023,"SNOW","ALL",77.5,0.431190120866236,0.376414496454677,0.493120691042842
"787",2023,"SNOW","ALL",82.5,0.40494835389919,0.348359419588201,0.46626989763764
"788",2023,"SNOW","ALL",87.5,0.428388953706864,0.377536686195325,0.478276856416099
"789",2023,"SNOW","ALL",92.5,0.50061491406666,0.444202546885564,0.555164733813756
"790",2023,"SNOW","ALL",97.5,0.641394851338238,0.591618414087727,0.690676330033438
"791",2023,"SNOW","ALL",102.5,0.828987347951954,0.790663096054525,0.861100461990932
"792",2023,"SNOW","ALL",107.5,0.925684855253371,0.902707118942927,0.944808843453775
"793",2023,"SNOW","ALL",112.5,0.958470273815387,0.940268271703705,0.971160428060828
"794",2023,"SNOW","ALL",117.5,0.965394325137136,0.945809140328966,0.977422530159701
"795",2023,"SNOW","ALL",122.5,0.983019152404533,0.971568181658701,0.990249584927271
"796",2023,"SNOW","ALL",127.5,0.988864612233342,0.978594534572095,0.994639397216367
"797",2023,"SNOW","ALL",132.5,0.994948584744572,0.986577893688099,0.998593664900863
"798",2023,"SNOW","ALL",137.5,0.997425005355136,0.986750711052029,0.999782287909343
"799",2024,"SNOW","ALL",12.5,0.000261113204058552,1.38640494205703e-06,0.00184407434141261
"800",2024,"SNOW","ALL",17.5,9.63550723025489e-05,1.67195615406051e-06,0.000612382707906302
"801",2024,"SNOW","ALL",22.5,0.000602409281848341,2.44604019436767e-05,0.00307417480766833
"802",2024,"SNOW","ALL",27.5,0.000621660746988912,5.94419026371169e-05,0.00246691206733286
"803",2024,"SNOW","ALL",32.5,0.00159443238923499,0.000370464656923788,0.00451027008038007
"804",2024,"SNOW","ALL",37.5,0.00518693621137042,0.00227562457918154,0.00986342476303827
"805",2024,"SNOW","ALL",42.5,0.0219897018419588,0.0145713473644525,0.0318098685995542
"806",2024,"SNOW","ALL",47.5,0.0740751917523376,0.0549272892012167,0.0956288119133131
"807",2024,"SNOW","ALL",52.5,0.156602804287282,0.124992068828049,0.190920706847193
"808",2024,"SNOW","ALL",57.5,0.240921902370319,0.198815044488267,0.288760081186267
"809",2024,"SNOW","ALL",62.5,0.304108390746131,0.256967754483958,0.34993297074276
"810",2024,"SNOW","ALL",67.5,0.318112907526978,0.276320128946005,0.361034250847557
"811",2024,"SNOW","ALL",72.5,0.322482996997373,0.279200166511173,0.367275574474354
"812",2024,"SNOW","ALL",77.5,0.331845254769473,0.289744928684533,0.37596119807463
"813",2024,"SNOW","ALL",82.5,0.338570913354082,0.282707902106512,0.397401588190112
"814",2024,"SNOW","ALL",87.5,0.36152213300136,0.316115464389475,0.403988643340915
"815",2024,"SNOW","ALL",92.5,0.454733756644723,0.404206534984572,0.509009894175098
"816",2024,"SNOW","ALL",97.5,0.57926256815523,0.5258182849913,0.631682128726821
"817",2024,"SNOW","ALL",102.5,0.746430637929569,0.704976780683443,0.786905024937076
"818",2024,"SNOW","ALL",107.5,0.86631525060272,0.834973401382127,0.894429905187925
"819",2024,"SNOW","ALL",112.5,0.927457762924259,0.903478883171505,0.945840571717922
"820",2024,"SNOW","ALL",117.5,0.917521610058608,0.87946181719946,0.947418391163766
"821",2024,"SNOW","ALL",122.5,0.95783385022389,0.938396581913876,0.974457173950237
"822",2024,"SNOW","ALL",127.5,0.974822529837534,0.949623946823069,0.987900383592612
"823",2024,"SNOW","ALL",132.5,0.997741703813449,0.993678229815594,0.999453653157
"824",2025,"SNOW","ALL",7.5,1.31806699825941e-05,2.14562596982856e-08,0.000112968837142165
"825",2025,"SNOW","ALL",17.5,7.61656662099452e-05,9.78436461538588e-07,0.000646819868537316
"826",2025,"SNOW","ALL",22.5,5.53042732565286e-05,2.21980854325579e-06,0.000308939390164149
"827",2025,"SNOW","ALL",27.5,0.000314916528308349,2.90889590595369e-05,0.00136680479085058
"828",2025,"SNOW","ALL",32.5,0.000903449861097696,0.000221380968191679,0.00285727123963247
"829",2025,"SNOW","ALL",37.5,0.00477817380800412,0.00213989350444672,0.0092415032712173
"830",2025,"SNOW","ALL",42.5,0.0236799252472775,0.0161064582617942,0.0338849055185347
"831",2025,"SNOW","ALL",47.5,0.0757978327937744,0.0575194795988365,0.0976999961320266
"832",2025,"SNOW","ALL",52.5,0.168574038247948,0.138833528951528,0.204801027043983
"833",2025,"SNOW","ALL",57.5,0.269113238402814,0.235429370647376,0.307535676389521
"834",2025,"SNOW","ALL",62.5,0.349807607042707,0.315394142341817,0.382431825839878
"835",2025,"SNOW","ALL",67.5,0.395687282067609,0.359884725516927,0.43645109665571
"836",2025,"SNOW","ALL",72.5,0.45792653173786,0.421667676910322,0.495864692865196
"837",2025,"SNOW","ALL",77.5,0.504906385524893,0.470960800988007,0.541686724492796
"838",2025,"SNOW","ALL",82.5,0.499236651278818,0.461025229587009,0.540719182266845
"839",2025,"SNOW","ALL",87.5,0.499649470448827,0.455014997851259,0.547569300587118
"840",2025,"SNOW","ALL",92.5,0.559441251788029,0.508863125992215,0.603501808689352
"841",2025,"SNOW","ALL",97.5,0.664262902908715,0.61451901900146,0.705300213569624
"842",2025,"SNOW","ALL",102.5,0.772231678969988,0.742490206132583,0.804100715477748
"843",2025,"SNOW","ALL",107.5,0.889635751575231,0.863907080128829,0.91535667600944
"844",2025,"SNOW","ALL",112.5,0.934978232047212,0.916705707912284,0.949045755987673
"845",2025,"SNOW","ALL",117.5,0.958664923460364,0.942958322956076,0.971569285967965
"846",2025,"SNOW","ALL",122.5,0.959435408535412,0.940470143533483,0.976590729003986
"847",2025,"SNOW","ALL",127.5,0.978548441410652,0.956874044668963,0.992622622419856
"848",2025,"SNOW","ALL",132.5,0.935455447573238,0.81593893593903,0.987548684573185
"849",2025,"SNOW","ALL",137.5,0.925014640753601,0.694146750347865,0.993793812583646
"850",2025,"SNOW","ALL",147.5,0.962583383862473,0.725762553300963,0.999515237658606
"851",2025,"SNOW","ALL",172.5,0.990666568046628,0.93563203728052,0.999999745235745
