"","27.5","32.5","37.5","42.5","47.5","52.5","57.5","62.5","67.5","72.5","77.5","82.5","87.5","92.5","97.5","102.5","107.5","112.5","117.5","122.5","127.5","132.5"
"1989",0.00251099318152692,0.00360989732834278,0.0135316254100871,0.0330008150987048,0.0612410186119239,0.138057698302407,0.237714969180956,0.30195859032651,0.326624105963438,0.362292234091145,0.388656826637579,0.382731573246019,0.377625554088293,0.431980107695325,0.562981150945743,0.714723902101029,0.871889092385641,0.922821248710496,0.937777289078332,0.961047543649495,0.980850216655515,0.992105508104276
"1990",0.00332951408039402,0.00444293712703693,0.0103780755387588,0.0184492642930709,0.0341567351631572,0.0751062215454464,0.140541731524056,0.187567329143031,0.236373169172708,0.330960762497185,0.371512003929349,0.370665872940874,0.354762381638503,0.385215692825807,0.46914320534683,0.598573427458335,0.741881824681537,0.815473616324738,0.841614502114841,0.877102905157724,0.925005294547287,0.927359062804793
"1991",0.00079354208448124,0.00220685732157019,0.00725461516932922,0.0274735247478296,0.0492381513795598,0.0926070557609003,0.148152961763156,0.193468467516359,0.227151420222353,0.273838810363361,0.316690751701217,0.327007352890297,0.31727934041015,0.342387354380418,0.466087532626127,0.678461422922024,0.842335818897056,0.892129429779347,0.909573916789735,0.936349899617564,0.961090946951294,0.976331061470442
"1992",0.00104546871194,0.00398151061491069,0.0136148724553353,0.042122980672092,0.0949460444492372,0.162664906771994,0.256329899748321,0.305147953788797,0.329583583501513,0.40253432782093,0.445542617047486,0.456134387178997,0.468062798830095,0.517071297375513,0.636511363785674,0.792781857357203,0.909211056514429,0.947483948750169,0.959859108553763,0.970124555940331,0.982836007728604,0.987354421165396
"1993",0.00173413349538909,0.00398573227815128,0.0162188553280545,0.0597369114389524,0.144836667594187,0.289424958416761,0.425594873989886,0.497021585454713,0.578200470943972,0.648726553978064,0.663346734368419,0.646620602554523,0.64691590901484,0.679862100495196,0.777916206202457,0.877050174362644,0.93780032137198,0.962409168291769,0.972882447635472,0.981331383332169,0.985795850880708,0.995345732982347
"1994",0.000426341547888431,0.00237264855278164,0.00683395979692955,0.0210198725403368,0.0528718442010419,0.117019817239268,0.185804606947968,0.219614788822181,0.251902725773637,0.284211306267282,0.320660479791766,0.331417124536384,0.355749618534601,0.405638846523015,0.569610651223202,0.774504811429108,0.887367874319485,0.947177908907788,0.955606521183021,0.962069112238365,0.975801264484175,0.979910351608118
"1995",0.000189485836206462,0.0018065556482503,0.00625285616281781,0.0163548653232533,0.0461970312989405,0.129852633846764,0.220675973252709,0.292589478959043,0.354024207013105,0.400753696411528,0.423665670482916,0.408463700804727,0.38808600945833,0.486638107099213,0.598285769166385,0.780283941034909,0.902326120424531,0.96482762204042,0.975915872434767,0.983949184616971,0.992302242423545,0.994532862567755
"1996",0.00461057774161785,0.00582195901076883,0.0132137515520327,0.0420611560632911,0.103026171625809,0.18132556257011,0.259773738146873,0.315628981555515,0.365955419602529,0.406214601705299,0.429210980117584,0.410870235802252,0.398344376059988,0.431911430407852,0.513231505497962,0.681960833394313,0.834970303570623,0.891327517903187,0.909537555921738,0.963490614453466,0.972977843998445,0.980411612657117
"1997",0.0111591308970679,0.0214902949196461,0.0145461096767557,0.0297597362971093,0.0228300844761734,0.0562343617243498,0.125724202358731,0.194805819572979,0.242652976188786,0.294804735321627,0.326160003217723,0.321239144049965,0.32958019515616,0.351755918408308,0.445768184934897,0.596755101051932,0.759157359041146,0.830533565420809,0.88460907609132,0.929897131769848,0.974662098794567,0.98183113333946
"1998",0.00982865848091175,0.0134842741695439,0.0378273546556814,0.0502395952791614,0.049190615713831,0.0963532558231397,0.163288633392495,0.240561018431039,0.329985757562572,0.386453585650243,0.412879503456861,0.42413677137394,0.430477218275812,0.462656311997769,0.591614315634607,0.767484528864733,0.893255189268255,0.93293547170382,0.948891567339664,0.969103200837175,0.98183374503264,0.986942975665432
"1999",0.00487442178878751,0.00348926869482805,0.0139749752478297,0.0186260426083741,0.0462156693863521,0.101625145201588,0.172404588695813,0.225241831646036,0.278446350518965,0.325338432096038,0.408704376143686,0.406088933414534,0.427493343637036,0.512046179090268,0.648887475110524,0.791070949197234,0.911744815454226,0.929171441840928,0.944716180163669,0.951924816589588,0.962147965029821,0.974598839907757
"2000",0.0076437351920537,0.00818823046209207,0.0159664649790619,0.0228018448174478,0.0484091092826881,0.104048562682757,0.184494849525897,0.254416626231678,0.313121669286381,0.359643515760311,0.402064468150819,0.406507550238861,0.44780685226602,0.532334836899972,0.701249476264808,0.860649905049389,0.954401647046703,0.970334834150621,0.97615991397746,0.983678938927096,0.989891775520061,0.992274858844064
"2001",0.00204781310934556,0.00930622108708587,0.0101798805568864,0.0165848310434287,0.0384782482605868,0.0947792151171473,0.161407527594337,0.220869366635219,0.263993380628506,0.310920377252634,0.335075382041361,0.327642837438219,0.343070816669172,0.403840269077021,0.544135523901731,0.781162174030296,0.901731061009656,0.952461765621564,0.966635842928254,0.975801805333278,0.984539396329054,0.999209849259869
"2002",0.00481726894230879,0.0024039306727408,0.0284921287097624,0.04536224027372,0.0465895769418244,0.0656202900543849,0.119119593131849,0.183348818159061,0.234188146979397,0.293299954936876,0.33449578676676,0.349796725734753,0.360022602875545,0.429221087980889,0.580320476121576,0.759277536238394,0.896186690177182,0.941027136614,0.962660027010085,0.98318045728667,0.988717306096151,0.984676914883891
"2003",0.000479041908118948,0.00229640317528102,0.0042934248622621,0.0129225854318907,0.033545131143414,0.069248339589416,0.111939814783888,0.178000643296714,0.21175940076301,0.266909093429791,0.275510024750721,0.257914567566222,0.265704200349864,0.315286264532398,0.432139789390748,0.664545124189931,0.825674011877999,0.888485500059132,0.915867096084304,0.936314789061628,0.973367301276625,0.975431568093352
"2004",0.00279428084572159,0.00685927959730678,0.0155943839897081,0.0292599677201993,0.0550645924595508,0.112609118575509,0.181979780553595,0.245027621815033,0.295113497861102,0.345579029833774,0.396924077901216,0.408401865813402,0.420077824895488,0.47272039699837,0.613860252945193,0.776417715859452,0.891167298211811,0.933301672265245,0.945780975095327,0.967351325130548,0.979060006801997,0.984333729334675
"2005",0.0014796146251963,0.00439312027898931,0.0147082113896494,0.036249190053814,0.125437673157259,0.216744171664998,0.241109980448334,0.296916029041782,0.365011217376695,0.446129550165707,0.493744034237875,0.499633031227882,0.503961506476124,0.545916626490726,0.685091519262462,0.850863466558961,0.932768777845937,0.964921333691322,0.973569281337936,0.983879714321947,0.991924959265154,0.995004397273762
"2006",0.000816800172088655,0.00281513240793362,0.00618382115259039,0.0247761164565476,0.0762797592899899,0.168252849829634,0.202385482839584,0.279056767129735,0.339371866695586,0.354930660213317,0.405063804449723,0.425463614090488,0.495023962428464,0.575997801475042,0.669386841587155,0.808698217292977,0.922628294417107,0.961538887450066,0.968334575689431,0.98744980876637,0.988304469974742,0.971926923909608
"2007",0.000772221496269418,0.00425563095226236,0.00743089367445554,0.0198667964356536,0.0626024280401112,0.138612165664544,0.245013365688079,0.329175678159485,0.398297446815056,0.411100379601917,0.427205809626598,0.414661440767473,0.403890134619139,0.455363790569122,0.591459036070039,0.784684300158895,0.895926014227968,0.946594517739817,0.961051479992854,0.971260358474263,0.986703037485072,0.995517441109962
"2009",0.00148912952473798,0.00288688932398338,0.0100545495714444,0.0268646988822093,0.071529717739226,0.159048791444384,0.24753738672668,0.302337964436584,0.335700885491837,0.369159503299089,0.386828466642803,0.368285123977536,0.344760879084971,0.376525648952214,0.475359954504862,0.686851801997179,0.849708452477739,0.912290785611258,0.929969092743942,0.946126305578253,0.962545167165688,0.973676354055599
"2010",0.00384065193864217,0.00986888428629377,0.0136008626721542,0.0337953089720554,0.0842013234448431,0.180056044368532,0.298420038950954,0.378387982245759,0.428189941822588,0.473534243724767,0.469555441761986,0.460146207861069,0.461834047322085,0.533866791787071,0.637870830883809,0.786529328689759,0.889656918490378,0.916189344711822,0.933887334464889,0.951858875012967,0.971035189626036,0.976362029879165
"2011",0.00259972112663069,0.00502890137828916,0.00662344748082638,0.0244976474139138,0.0633539153413309,0.159361836714668,0.265902941047507,0.343833231194439,0.394810445532962,0.402321479247259,0.399582379076995,0.384367958540341,0.473592633601474,0.593068894799849,0.714904936699843,0.823452935080845,0.891376427653521,0.926694541416136,0.930991366011097,0.939604647607591,0.961132754741225,0.963302420715855
"2013",0.00269911283612844,0.00431970647679214,0.00925375372866972,0.0313557108572388,0.065263230915905,0.119161250757423,0.2256810217047,0.303601349605487,0.365985946188867,0.407564023535055,0.424252847151814,0.396533425641701,0.407893186684013,0.489586032979802,0.593666964088847,0.730958925162024,0.835568093463662,0.875254162481731,0.899111023323264,0.922237830407432,0.956672186582451,0.97785769828418
"2015",0.00497059444676156,0.005109003695608,0.00703285943666899,0.0247642975978946,0.0565845921448183,0.118441724586755,0.200351127945272,0.254995953448611,0.293078553987567,0.357043117989661,0.421180031533913,0.422523141776355,0.459686208576126,0.500053812556167,0.643588142228576,0.800586553261192,0.887071117687638,0.926585131678538,0.923790205319914,0.935558154979796,0.958944639197055,0.97152731005828
"2017",0.00351858191010895,0.00608250842822091,0.012371710796934,0.0326465036707069,0.0827552559329066,0.177052022728138,0.267679197579529,0.332368570299394,0.35412809497518,0.384528628518056,0.398845264929225,0.422875902991894,0.505861573368718,0.639326347511692,0.755286012149896,0.874160462590529,0.945496251515292,0.975167461084804,0.987421451145284,0.989990785373432,0.995991660057728,0.997341535484584
"2018",0.00326440939633659,0.00572961928361458,0.0120913327314106,0.0341974324524842,0.0958595966758028,0.204185451923925,0.311963172926516,0.398782178830466,0.464758398395057,0.548320093859364,0.605464969414154,0.605034295839425,0.559203425543796,0.559382699985897,0.67916527597159,0.831398936421417,0.922081367410879,0.955765670578766,0.977744756739087,0.989768371741265,0.992514927198373,0.995882103736413
"2019",0.0105331957323967,0.0200404509391072,0.148776186354929,0.0938616358354556,0.113456498899348,0.221524315517471,0.318916361395768,0.343687760753679,0.37470987277376,0.463030458409323,0.527312819375251,0.591780936014452,0.636715264287622,0.669781452659359,0.769670641001521,0.886941600558042,0.90989671518738,0.925879581740187,0.93245603548749,0.965247697900167,0.955702279422975,0.998600803343891
"2021",0.00480172033310777,0.0101900846869341,0.0133841092210731,0.0554046746768441,0.0850112859916902,0.2820109782916,0.366994565771687,0.406366955432987,0.415144580725017,0.413548459111463,0.419792490891933,0.42242070008085,0.496790126299977,0.609977312415619,0.79612268552911,0.914044077742492,0.96434883441877,0.985346498775499,0.981856164340198,0.991907566866433,0.997205422111846,0.998630377132606
"2022",0.00185996178523746,0.0097119183883143,0.013364695013243,0.0250323773950803,0.0412210982955709,0.081473119427513,0.147093280171931,0.208868250646344,0.295240670392108,0.349101579649154,0.414517665316482,0.430516836424657,0.458159046057533,0.559188327227522,0.71258924301278,0.863627231425596,0.927152443098549,0.961047409615907,0.971592116466564,0.983438621215428,0.987502262701912,0.998181394343362
"2023",0.000705263220934331,0.00176985239629031,0.00670920318602766,0.0307460535536799,0.101800381801729,0.173089993754363,0.245499839599539,0.302532881758673,0.32297655501251,0.35872291772225,0.408543015897498,0.401367456558259,0.42841381392567,0.495034575124676,0.645689019939599,0.830398901738269,0.928123709103804,0.958805128909997,0.965121700152047,0.982424947305978,0.988642399607136,0.995189983560855
"2024",0.00165019632983827,0.00276205824074658,0.00529322040595238,0.0202221596757117,0.0655412362261355,0.138103935667047,0.216873943000538,0.273765254163614,0.293740568448086,0.319665615882595,0.351874312846758,0.383584184615902,0.38028131693832,0.45401428259361,0.586700233112039,0.777959099335292,0.870500796991963,0.930613849022896,0.935535312406624,0.959423531206937,0.972553354201923,0.997717396770699
"2025",0.000725506671426042,0.000944560580633824,0.00588108602486617,0.0259732664449203,0.0746871271020745,0.16940869515439,0.264296094386963,0.337055323166461,0.379557393354244,0.458005197639493,0.509220065666353,0.507954096818788,0.526616989968143,0.594939344557797,0.691999199334468,0.79575514822848,0.909168674416184,0.932138618912264,0.960846915792373,0.96437206327587,0.982611542589413,0.935747705038444
