"","YEAR","SIZE_BIN","PROP_MATURE"
"1",1990,17.5,0
"2",1990,22.5,0
"3",1990,27.5,0
"4",1990,32.5,0
"5",1990,37.5,0
"6",1990,42.5,0
"7",1990,47.5,0
"8",1990,52.5,0
"9",1990,57.5,0
"10",1990,62.5,0
"11",1990,67.5,0.216973977182764
"12",1990,72.5,0.221568702286938
"13",1990,77.5,0.249505018658525
"14",1990,82.5,0.300635649619292
"15",1990,87.5,0.370532718680109
"16",1990,92.5,0.451146696676592
"17",1990,97.5,0.531885075935645
"18",1990,102.5,0.606036199070917
"19",1990,107.5,0.672874428541125
"20",1990,112.5,0.733906801636295
"21",1990,117.5,0.791091446648836
"22",1990,122.5,0.843447055830106
"23",1990,127.5,0.888420541576885
"24",1990,132.5,0.923976016798779
"25",1990,137.5,0.949770187861235
"26",1990,142.5,0.967389562356488
"27",1990,147.5,0.978984078542607
"28",1990,152.5,0.986499801887594
"29",1990,157.5,0.991371731735049
"30",1990,162.5,0.994523273381313
"31",1990,167.5,0.996551376401347
"32",1990,172.5,0.997841455442436
"33",1991,12.5,0
"34",1991,17.5,0
"35",1991,22.5,0
"36",1991,27.5,0
"37",1991,32.5,0
"38",1991,37.5,0
"39",1991,42.5,0
"40",1991,47.5,0
"41",1991,52.5,0
"42",1991,57.5,0
"43",1991,62.5,0
"44",1991,67.5,0.0939871567949235
"45",1991,72.5,0.131593456915666
"46",1991,77.5,0.199614373194851
"47",1991,82.5,0.286124759789843
"48",1991,87.5,0.360447799909686
"49",1991,92.5,0.406713810503174
"50",1991,97.5,0.439727633104514
"51",1991,102.5,0.473625456583279
"52",1991,107.5,0.515989998843002
"53",1991,112.5,0.553040752773116
"54",1991,117.5,0.552373339869365
"55",1991,122.5,0.516448948097963
"56",1991,127.5,0.487454597222683
"57",1991,132.5,0.597932564644993
"58",1991,137.5,0.909136658816636
"59",1991,142.5,0.998718099804387
"60",1991,147.5,0.999999498328006
"61",1991,152.5,0.999999999996385
"62",1991,157.5,1
"63",1991,162.5,1
"64",1991,167.5,1
"65",1992,7.5,0
"66",1992,12.5,0
"67",1992,17.5,0
"68",1992,22.5,0
"69",1992,27.5,0
"70",1992,32.5,0
"71",1992,37.5,0
"72",1992,42.5,0
"73",1992,47.5,0
"74",1992,52.5,0
"75",1992,57.5,0
"76",1992,62.5,0
"77",1992,67.5,0.0714938952352621
"78",1992,72.5,0.073348534703584
"79",1992,77.5,0.0862745733772061
"80",1992,82.5,0.113211473856079
"81",1992,87.5,0.158451748862711
"82",1992,92.5,0.226551361648923
"83",1992,97.5,0.318621352089517
"84",1992,102.5,0.430481138137035
"85",1992,107.5,0.553141187278811
"86",1992,112.5,0.673611287129185
"87",1992,117.5,0.779375219846143
"88",1992,122.5,0.86148386566357
"89",1992,127.5,0.918087875124231
"90",1992,132.5,0.953488109165412
"91",1992,137.5,0.974099300344981
"92",1992,142.5,0.985656845341219
"93",1992,147.5,0.992050839137866
"94",1992,152.5,0.995590899295065
"95",1992,157.5,0.99756527115225
"96",1993,12.5,0
"97",1993,17.5,0
"98",1993,22.5,0
"99",1993,27.5,0
"100",1993,32.5,0
"101",1993,37.5,0
"102",1993,42.5,0
"103",1993,47.5,0
"104",1993,52.5,0
"105",1993,57.5,0
"106",1993,62.5,0
"107",1993,67.5,0.149483150304377
"108",1993,72.5,0.212525493059079
"109",1993,77.5,0.301878130114027
"110",1993,82.5,0.400891033659329
"111",1993,87.5,0.484352957419811
"112",1993,92.5,0.541526792194149
"113",1993,97.5,0.580238168222604
"114",1993,102.5,0.617118454106794
"115",1993,107.5,0.673053591047311
"116",1993,112.5,0.755239486182508
"117",1993,117.5,0.849591189407978
"118",1993,122.5,0.926178263297995
"119",1993,127.5,0.969782316021503
"120",1993,132.5,0.988868514073315
"121",1993,137.5,0.995988722998021
"122",1993,142.5,0.998516945975451
"123",1993,147.5,0.999430313878623
"124",1993,152.5,0.999775184964615
"125",1993,157.5,0.999911728769648
"126",1993,162.5,0.999966237246698
"127",1994,17.5,0.0379396501732687
"128",1994,22.5,0
"129",1994,27.5,0
"130",1994,32.5,0
"131",1994,37.5,0
"132",1994,42.5,0
"133",1994,47.5,0
"134",1994,52.5,0
"135",1994,57.5,0
"136",1994,62.5,0
"137",1994,67.5,0.140456427995574
"138",1994,72.5,0.136995683986255
"139",1994,77.5,0.179995190284221
"140",1994,82.5,0.283942047607191
"141",1994,87.5,0.424088855488436
"142",1994,92.5,0.52647821765111
"143",1994,97.5,0.526756728261636
"144",1994,102.5,0.481175635024289
"145",1994,107.5,0.558906170885583
"146",1994,112.5,0.900295413387351
"147",1994,117.5,0.999402769306344
"148",1994,122.5,0.999999968595375
"149",1994,127.5,1
"150",1994,132.5,1
"151",1994,137.5,1
"152",1994,142.5,1
"153",1994,147.5,1
"154",1994,152.5,1
"155",1994,157.5,1
"156",1994,162.5,1
"157",1994,177.5,1
"158",1995,17.5,0
"159",1995,22.5,0
"160",1995,27.5,0
"161",1995,32.5,0
"162",1995,37.5,0
"163",1995,42.5,0
"164",1995,47.5,0
"165",1995,52.5,0
"166",1995,57.5,0
"167",1995,62.5,0
"168",1995,67.5,0.173729792950034
"169",1995,72.5,0.195298718941903
"170",1995,77.5,0.235106786074873
"171",1995,82.5,0.296868766848059
"172",1995,87.5,0.381675022469546
"173",1995,92.5,0.485266694113131
"174",1995,97.5,0.596347123655111
"175",1995,102.5,0.701191052547047
"176",1995,107.5,0.789651679073356
"177",1995,112.5,0.857879541417379
"178",1995,117.5,0.907196633102914
"179",1995,122.5,0.941079326006273
"180",1995,127.5,0.963451276893127
"181",1995,132.5,0.977733238278437
"182",1995,147.5,0.995216131291172
"183",1996,12.5,0
"184",1996,17.5,0
"185",1996,22.5,0
"186",1996,27.5,0
"187",1996,32.5,0
"188",1996,37.5,0
"189",1996,42.5,0
"190",1996,47.5,0
"191",1996,52.5,0
"192",1996,57.5,0
"193",1996,62.5,0
"194",1996,67.5,0.117674892914072
"195",1996,72.5,0.132974053543507
"196",1996,77.5,0.165475966106503
"197",1996,82.5,0.217700545439531
"198",1996,87.5,0.290163690139604
"199",1996,92.5,0.381128681382763
"200",1996,97.5,0.486696284571492
"201",1996,102.5,0.600772551398628
"202",1996,107.5,0.715222012773963
"203",1996,112.5,0.816978233999892
"204",1996,117.5,0.894572448584023
"205",1996,122.5,0.944682078489389
"206",1996,127.5,0.972621508446073
"207",1996,132.5,0.986764371086707
"208",1997,12.5,0
"209",1997,17.5,0
"210",1997,22.5,0
"211",1997,27.5,0
"212",1997,32.5,0
"213",1997,37.5,0
"214",1997,42.5,0
"215",1997,47.5,0
"216",1997,52.5,0
"217",1997,57.5,0
"218",1997,62.5,0
"219",1997,67.5,0.106677318724413
"220",1997,72.5,0.0942249652916904
"221",1997,77.5,0.0947585233338124
"222",1997,82.5,0.107026751816412
"223",1997,87.5,0.131916258715508
"224",1997,92.5,0.171726188067332
"225",1997,97.5,0.228169083376684
"226",1997,102.5,0.301231027604199
"227",1997,107.5,0.388079292744037
"228",1997,112.5,0.483227870394812
"229",1997,117.5,0.580199934025444
"230",1997,122.5,0.672207920584713
"231",1997,127.5,0.753804979278997
"232",1997,132.5,0.821502715692673
"233",1997,137.5,0.874291160872988
"234",1997,152.5,0.960424589453515
"235",1998,7.5,2.69260431292408e-12
"236",1998,12.5,1.29646952007571e-08
"237",1998,17.5,2.07871299442305e-05
"238",1998,22.5,0.00649074406575975
"239",1998,27.5,0
"240",1998,32.5,0
"241",1998,37.5,0
"242",1998,42.5,0
"243",1998,47.5,0
"244",1998,52.5,0
"245",1998,57.5,0
"246",1998,62.5,0
"247",1998,67.5,0.0765614858671402
"248",1998,72.5,0.103191787887357
"249",1998,77.5,0.144961187010736
"250",1998,82.5,0.19766837398939
"251",1998,87.5,0.263055809410394
"252",1998,92.5,0.350199972910078
"253",1998,97.5,0.476499191152164
"254",1998,102.5,0.63330563002593
"255",1998,107.5,0.775165596881826
"256",1998,112.5,0.865799060131011
"257",1998,117.5,0.906112838250721
"258",1998,122.5,0.913642135742778
"259",1998,127.5,0.894034097247239
"260",1998,132.5,0.847164292896723
"261",1998,137.5,0.794550590697075
"262",1998,142.5,0.79192598971807
"263",1998,147.5,0.87727687747812
"264",1999,17.5,0
"265",1999,22.5,0
"266",1999,27.5,0
"267",1999,32.5,0
"268",1999,37.5,0
"269",1999,42.5,0
"270",1999,47.5,0
"271",1999,52.5,0
"272",1999,57.5,0
"273",1999,62.5,0
"274",1999,67.5,0.114561467854806
"275",1999,72.5,0.122462002907866
"276",1999,77.5,0.143202947907537
"277",1999,82.5,0.18161175611525
"278",1999,87.5,0.244289848152432
"279",1999,92.5,0.337017211198144
"280",1999,97.5,0.457876124322433
"281",1999,102.5,0.592353103564918
"282",1999,107.5,0.717655107570715
"283",1999,112.5,0.817031634001863
"284",1999,117.5,0.886776578906264
"285",1999,122.5,0.931959177618055
"286",1999,127.5,0.959935658180237
"287",1999,132.5,0.976772309669839
"288",1999,137.5,0.986711387566535
"289",1999,142.5,0.992477024641987
"290",2000,7.5,0
"291",2000,12.5,0
"292",2000,17.5,0
"293",2000,22.5,0
"294",2000,27.5,0
"295",2000,32.5,0
"296",2000,37.5,0
"297",2000,42.5,0
"298",2000,47.5,0
"299",2000,52.5,0
"300",2000,57.5,0
"301",2000,62.5,0
"302",2000,67.5,0.0884978323445498
"303",2000,72.5,0.0946332316947117
"304",2000,77.5,0.111972180686551
"305",2000,82.5,0.144080413468553
"306",2000,87.5,0.196505164370422
"307",2000,92.5,0.27565117484008
"308",2000,97.5,0.384580662692288
"309",2000,102.5,0.517025951979811
"310",2000,107.5,0.654846751100043
"311",2000,112.5,0.775578555924291
"312",2000,117.5,0.865536819821678
"313",2000,122.5,0.924220716640635
"314",2000,127.5,0.958982996902309
"315",2000,132.5,0.978317405640774
"316",2000,137.5,0.98866972451452
"317",2000,152.5,0.998405752807488
"318",2001,12.5,0
"319",2001,17.5,0
"320",2001,22.5,0
"321",2001,27.5,0
"322",2001,32.5,0
"323",2001,37.5,0
"324",2001,42.5,0
"325",2001,47.5,0
"326",2001,52.5,0
"327",2001,57.5,0
"328",2001,62.5,0
"329",2001,67.5,0.12147463110718
"330",2001,72.5,0.125656247077553
"331",2001,77.5,0.144803382467213
"332",2001,82.5,0.178615549525426
"333",2001,87.5,0.225945949114671
"334",2001,92.5,0.285630126605849
"335",2001,97.5,0.357346969088489
"336",2001,102.5,0.442753244451837
"337",2001,107.5,0.545352120147409
"338",2001,112.5,0.661916745283996
"339",2001,117.5,0.778425269897023
"340",2001,122.5,0.87377338338125
"341",2001,127.5,0.936284679823996
"342",2001,132.5,0.970368413334747
"343",2001,137.5,0.98670715591091
"344",2001,142.5,0.994064546411
"345",2001,147.5,0.997319703930913
"346",2002,12.5,0
"347",2002,17.5,0
"348",2002,22.5,0
"349",2002,27.5,0
"350",2002,32.5,0
"351",2002,37.5,0
"352",2002,42.5,0
"353",2002,47.5,0
"354",2002,52.5,0
"355",2002,57.5,0
"356",2002,62.5,0
"357",2002,67.5,0.087958464904268
"358",2002,72.5,0.107790397631154
"359",2002,77.5,0.148863403348223
"360",2002,82.5,0.21332048129281
"361",2002,87.5,0.294539107303499
"362",2002,92.5,0.380262401644352
"363",2002,97.5,0.461939153974292
"364",2002,102.5,0.540400534058519
"365",2002,107.5,0.625030582172949
"366",2002,112.5,0.719257738566504
"367",2002,117.5,0.815417234789499
"368",2002,122.5,0.895565404695954
"369",2002,127.5,0.948021292588877
"370",2002,132.5,0.976161620433791
"371",2002,137.5,0.989334828636575
"372",2002,142.5,0.995175990759531
"373",2002,147.5,0.997765690473632
"374",2003,12.5,0
"375",2003,17.5,0
"376",2003,22.5,0
"377",2003,27.5,0
"378",2003,32.5,0
"379",2003,37.5,0
"380",2003,42.5,0
"381",2003,47.5,0
"382",2003,52.5,0
"383",2003,57.5,0
"384",2003,62.5,0
"385",2003,67.5,0.0796713926444276
"386",2003,72.5,0.0970043060075428
"387",2003,77.5,0.144946946331578
"388",2003,82.5,0.230484402367671
"389",2003,87.5,0.339300089160177
"390",2003,92.5,0.443091425529612
"391",2003,97.5,0.527913596588097
"392",2003,102.5,0.604359979306894
"393",2003,107.5,0.697691837051352
"394",2003,112.5,0.809999465150531
"395",2003,117.5,0.911332866597492
"396",2003,122.5,0.969727056541021
"397",2003,127.5,0.991645352069984
"398",2003,132.5,0.997893197186546
"399",2003,137.5,0.999452720004139
"400",2003,142.5,0.999844866306365
"401",2003,147.5,0.999952087291058
"402",2003,172.5,0.999999896961032
"403",2004,12.5,0
"404",2004,17.5,0
"405",2004,22.5,0
"406",2004,27.5,0
"407",2004,32.5,0
"408",2004,37.5,0
"409",2004,42.5,0
"410",2004,47.5,0
"411",2004,52.5,0
"412",2004,57.5,0
"413",2004,62.5,0
"414",2004,67.5,0.0584231583748772
"415",2004,72.5,0.0802655382962195
"416",2004,77.5,0.127213308962012
"417",2004,82.5,0.205512046012691
"418",2004,87.5,0.29797906430575
"419",2004,92.5,0.368432857457947
"420",2004,97.5,0.389042997051942
"421",2004,102.5,0.366367941473042
"422",2004,107.5,0.335824374102709
"423",2004,112.5,0.344426606295865
"424",2004,117.5,0.458610612417837
"425",2004,122.5,0.723443959104282
"426",2004,127.5,0.947075484306048
"427",2004,132.5,0.996344312210381
"428",2004,137.5,0.999876006708646
"429",2004,142.5,0.999997305152874
"430",2005,12.5,0
"431",2005,17.5,0
"432",2005,22.5,0
"433",2005,27.5,0
"434",2005,32.5,0
"435",2005,37.5,0
"436",2005,42.5,0
"437",2005,47.5,0
"438",2005,52.5,0
"439",2005,57.5,0
"440",2005,62.5,0
"441",2005,67.5,0.0655596296716378
"442",2005,72.5,0.0808183740026075
"443",2005,77.5,0.124761175136242
"444",2005,82.5,0.211117669806345
"445",2005,87.5,0.335517909156759
"446",2005,92.5,0.464921775931336
"447",2005,97.5,0.565154864413593
"448",2005,102.5,0.632966292515193
"449",2005,107.5,0.688928064017495
"450",2005,112.5,0.752345716658409
"451",2005,117.5,0.831772705774028
"452",2005,122.5,0.910000381617416
"453",2005,127.5,0.963197598191793
"454",2005,132.5,0.988075386545353
"455",2005,137.5,0.996657146465006
"456",2005,142.5,0.99912317795243
"457",2005,147.5,0.999770750578343
"458",2005,152.5,0.99993832006481
"459",2005,157.5,0.99998288253993
"460",2005,162.5,0.999995145109166
"461",2006,7.5,0
"462",2006,12.5,0
"463",2006,17.5,0
"464",2006,22.5,0
"465",2006,27.5,0
"466",2006,32.5,0
"467",2006,37.5,0
"468",2006,42.5,0
"469",2006,47.5,0
"470",2006,52.5,0
"471",2006,57.5,0
"472",2006,62.5,0
"473",2006,67.5,0.101138348522387
"474",2006,72.5,0.126333155843019
"475",2006,77.5,0.16614339190422
"476",2006,82.5,0.220016726431606
"477",2006,87.5,0.282438488535663
"478",2006,92.5,0.346693696596909
"479",2006,97.5,0.409329154716899
"480",2006,102.5,0.472092176749678
"481",2006,107.5,0.541843357057052
"482",2006,112.5,0.622793927092445
"483",2006,117.5,0.713107788755862
"484",2006,122.5,0.801702898326447
"485",2006,127.5,0.874718916815699
"486",2006,132.5,0.92592735062611
"487",2006,137.5,0.957513302885431
"488",2006,142.5,0.975719307606582
"489",2006,147.5,0.985997059471529
"490",2006,152.5,0.991847787620852
"491",2006,157.5,0.995259323186251
"492",2006,162.5,0.997268461838556
"493",2007,12.5,0
"494",2007,17.5,0
"495",2007,22.5,0
"496",2007,27.5,0
"497",2007,32.5,0
"498",2007,37.5,0
"499",2007,42.5,0
"500",2007,47.5,0
"501",2007,52.5,0
"502",2007,57.5,0
"503",2007,62.5,0
"504",2007,67.5,0.0839301962248314
"505",2007,72.5,0.127245741502788
"506",2007,77.5,0.22649922114492
"507",2007,82.5,0.367148009804256
"508",2007,87.5,0.461012438929052
"509",2007,92.5,0.463810616187257
"510",2007,97.5,0.404949437551522
"511",2007,102.5,0.347810488438868
"512",2007,107.5,0.371717062842832
"513",2007,112.5,0.52319001312337
"514",2007,117.5,0.76692937232087
"515",2007,122.5,0.924986652086712
"516",2007,127.5,0.973062786059168
"517",2007,132.5,0.982817699428119
"518",2007,137.5,0.974530774864494
"519",2007,142.5,0.919813215680522
"520",2007,147.5,1
"521",2007,152.5,1
"522",2008,7.5,0
"523",2008,12.5,0
"524",2008,17.5,0
"525",2008,22.5,0
"526",2008,27.5,0
"527",2008,32.5,0
"528",2008,37.5,0
"529",2008,42.5,0
"530",2008,47.5,0
"531",2008,52.5,0
"532",2008,57.5,0
"533",2008,62.5,0
"534",2008,67.5,0.0919169231238532
"535",2008,72.5,0.116219598363808
"536",2008,77.5,0.170399454143251
"537",2008,82.5,0.258746551408272
"538",2008,87.5,0.364405480314007
"539",2008,92.5,0.459752306719593
"540",2008,97.5,0.529948693887945
"541",2008,102.5,0.582724012108897
"542",2008,107.5,0.641834780222137
"543",2008,112.5,0.723841312603901
"544",2008,117.5,0.826119182751976
"545",2008,122.5,0.916469460579046
"546",2008,127.5,0.969091636711909
"547",2008,132.5,0.990517535188378
"548",2008,137.5,0.997319195857216
"549",2008,142.5,0.999247682408237
"550",2008,147.5,0.999781277100189
"551",2008,152.5,0.999933535576695
"552",2008,157.5,0.999979353246238
"553",2008,162.5,0.999993586698361
"554",2009,12.5,0
"555",2009,17.5,0
"556",2009,22.5,0
"557",2009,27.5,0
"558",2009,32.5,0
"559",2009,37.5,0
"560",2009,42.5,0
"561",2009,47.5,0
"562",2009,52.5,0
"563",2009,57.5,0
"564",2009,62.5,0
"565",2009,67.5,0.0867674114728124
"566",2009,72.5,0.0693261424413014
"567",2009,77.5,0.0629423558359105
"568",2009,82.5,0.064843231949722
"569",2009,87.5,0.0749992444600351
"570",2009,92.5,0.0959845460259501
"571",2009,97.5,0.133319576323677
"572",2009,102.5,0.195258506111518
"573",2009,107.5,0.289903573301585
"574",2009,112.5,0.415913245768397
"575",2009,117.5,0.553741804200578
"576",2009,122.5,0.67543423743153
"577",2009,127.5,0.763988542229935
"578",2009,132.5,0.820425112124421
"579",2009,137.5,0.853247306601235
"580",2009,142.5,0.871007184517575
"581",2009,147.5,0.880553353806929
"582",2009,152.5,0.886504823798736
"583",2009,157.5,0.892457694354298
"584",2009,162.5,0.90004354021106
"585",2010,7.5,0
"586",2010,12.5,0
"587",2010,17.5,0
"588",2010,22.5,0
"589",2010,27.5,0
"590",2010,32.5,0
"591",2010,37.5,0
"592",2010,42.5,0
"593",2010,47.5,0
"594",2010,52.5,0
"595",2010,57.5,0
"596",2010,62.5,0
"597",2010,67.5,0.089333998946523
"598",2010,72.5,0.105467531649974
"599",2010,77.5,0.151100993079697
"600",2010,82.5,0.238093464528779
"601",2010,87.5,0.364194491707797
"602",2010,92.5,0.501555980425817
"603",2010,97.5,0.614673264657145
"604",2010,102.5,0.692529147722391
"605",2010,107.5,0.745473546388468
"606",2010,112.5,0.786842214100442
"607",2010,117.5,0.828039450337413
"608",2010,122.5,0.871722152633543
"609",2010,127.5,0.913768590862936
"610",2010,132.5,0.947900143561983
"611",2010,137.5,0.970990896236616
"612",2010,142.5,0.98465082177836
"613",2010,147.5,0.992037681993926
"614",2010,152.5,0.995875986705254
"615",2010,157.5,0.99785731193899
"616",2010,162.5,0.998884141529708
"617",2011,12.5,0
"618",2011,17.5,0
"619",2011,22.5,0
"620",2011,27.5,0
"621",2011,32.5,0
"622",2011,37.5,0
"623",2011,42.5,0
"624",2011,47.5,0
"625",2011,52.5,0
"626",2011,57.5,0
"627",2011,62.5,0
"628",2011,67.5,0.0811716918641066
"629",2011,72.5,0.0667865833618828
"630",2011,77.5,0.0699813775291766
"631",2011,82.5,0.090778944200727
"632",2011,87.5,0.134600289980195
"633",2011,92.5,0.209506930092734
"634",2011,97.5,0.316216526425914
"635",2011,102.5,0.444153708852436
"636",2011,107.5,0.577443731180848
"637",2011,112.5,0.701509265996013
"638",2011,117.5,0.807301413151001
"639",2011,122.5,0.887375287408635
"640",2011,127.5,0.940098464132303
"641",2011,132.5,0.970387266123321
"642",2011,137.5,0.98592420838534
"643",2011,142.5,0.993390310737114
"644",2011,147.5,0.996875820559301
"645",2011,152.5,0.99850480205197
"646",2011,157.5,0.999279609603384
"647",2011,162.5,0.999652937643914
"648",2011,167.5,0.999833931000571
"649",2011,172.5,0.999921164690715
"650",2012,7.5,0
"651",2012,12.5,0
"652",2012,17.5,0
"653",2012,22.5,0
"654",2012,27.5,0
"655",2012,32.5,0
"656",2012,37.5,0
"657",2012,42.5,0
"658",2012,47.5,0
"659",2012,52.5,0
"660",2012,57.5,0
"661",2012,62.5,0
"662",2012,67.5,0.0727901356560113
"663",2012,72.5,0.0713291126165951
"664",2012,77.5,0.0771887449342821
"665",2012,82.5,0.0914848499160947
"666",2012,87.5,0.118197938164051
"667",2012,92.5,0.164845798897006
"668",2012,97.5,0.243343071495222
"669",2012,102.5,0.36602269274161
"670",2012,107.5,0.530977644361742
"671",2012,112.5,0.705884865818919
"672",2012,117.5,0.844667227754402
"673",2012,122.5,0.92875364442167
"674",2012,127.5,0.970400525869917
"675",2012,132.5,0.988470383499517
"676",2012,137.5,0.995688459640152
"677",2012,142.5,0.998424037410119
"678",2012,147.5,0.999427895291785
"679",2012,152.5,0.99979121883081
"680",2012,157.5,0.999922715048627
"681",2012,162.5,0.999970915031555
"682",2014,12.5,0
"683",2014,17.5,0
"684",2014,22.5,0
"685",2014,27.5,0
"686",2014,32.5,0
"687",2014,37.5,0
"688",2014,42.5,0
"689",2014,47.5,0
"690",2014,52.5,0
"691",2014,57.5,0
"692",2014,62.5,0
"693",2014,67.5,0.134466064125061
"694",2014,72.5,0.141714283802857
"695",2014,77.5,0.170187311056111
"696",2014,82.5,0.220747178306215
"697",2014,87.5,0.290782426604299
"698",2014,92.5,0.373580791502403
"699",2014,97.5,0.460090895299088
"700",2014,102.5,0.544483296354722
"701",2014,107.5,0.626853076381638
"702",2014,112.5,0.707193619888939
"703",2014,117.5,0.783643855203635
"704",2014,122.5,0.850523449846689
"705",2014,127.5,0.902534454814535
"706",2014,132.5,0.938828994280942
"707",2014,137.5,0.962042390068079
"708",2014,142.5,0.976304196570119
"709",2014,147.5,0.985033117277347
"710",2014,152.5,0.990473166336175
"711",2014,157.5,0.993964940643385
"712",2014,162.5,0.996226613766281
"713",2016,7.5,0
"714",2016,12.5,0
"715",2016,17.5,0
"716",2016,22.5,0
"717",2016,27.5,0
"718",2016,32.5,0
"719",2016,37.5,0
"720",2016,42.5,0
"721",2016,47.5,0
"722",2016,52.5,0
"723",2016,57.5,0
"724",2016,62.5,0
"725",2016,67.5,0.252448739856437
"726",2016,72.5,0.261550123538746
"727",2016,77.5,0.293391507151545
"728",2016,82.5,0.350877180195141
"729",2016,87.5,0.435143866686847
"730",2016,92.5,0.541733640841377
"731",2016,97.5,0.657265181911184
"732",2016,102.5,0.764230323960474
"733",2016,107.5,0.849612281980291
"734",2016,112.5,0.909860584449447
"735",2016,117.5,0.948617223204395
"736",2016,122.5,0.971866633556133
"737",2016,127.5,0.985102273682469
"738",2016,132.5,0.992318847461377
"739",2016,137.5,0.996115899601116
"740",2016,142.5,0.998059457856285
"741",2016,147.5,0.999034597886051
"742",2016,152.5,0.999518996956515
"743",2016,157.5,0.999759082535618
"744",2016,162.5,0.999878590293524
"745",2017,12.5,0
"746",2017,17.5,0
"747",2017,22.5,0
"748",2017,27.5,0
"749",2017,32.5,0
"750",2017,37.5,0
"751",2017,42.5,0
"752",2017,47.5,0
"753",2017,52.5,0
"754",2017,57.5,0
"755",2017,62.5,0
"756",2017,67.5,0.130819123845742
"757",2017,72.5,0.143908817082428
"758",2017,77.5,0.175326431563956
"759",2017,82.5,0.228455896519965
"760",2017,87.5,0.304801550291775
"761",2017,92.5,0.401347934738396
"762",2017,97.5,0.508730259586829
"763",2017,102.5,0.615278915796577
"764",2017,107.5,0.712089031621298
"765",2017,112.5,0.793978088290204
"766",2017,117.5,0.859391788819574
"767",2017,122.5,0.908451743679819
"768",2017,127.5,0.942894552429098
"769",2017,132.5,0.96558076317725
"770",2017,137.5,0.979704447819018
"771",2017,142.5,0.988165130270011
"772",2017,147.5,0.993115632152027
"773",2017,152.5,0.995987323841838
"774",2017,157.5,0.997655433265724
"775",2017,162.5,0.998628186367867
"776",2018,7.5,0
"777",2018,12.5,0
"778",2018,17.5,0
"779",2018,22.5,0
"780",2018,27.5,0
"781",2018,32.5,0
"782",2018,37.5,0
"783",2018,42.5,0
"784",2018,47.5,0
"785",2018,52.5,0
"786",2018,57.5,0
"787",2018,62.5,0
"788",2018,67.5,0.176688462916008
"789",2018,72.5,0.192724052648316
"790",2018,77.5,0.234812407736309
"791",2018,82.5,0.306532990439192
"792",2018,87.5,0.402818446403144
"793",2018,92.5,0.512351649124742
"794",2018,97.5,0.62179251527974
"795",2018,102.5,0.723064559506027
"796",2018,107.5,0.813329577762513
"797",2018,112.5,0.88619021333435
"798",2018,117.5,0.937170546345507
"799",2018,122.5,0.967459871450859
"800",2018,127.5,0.983087725390353
"801",2018,132.5,0.990680351439084
"802",2018,137.5,0.99434798329009
"803",2018,142.5,0.996255945895708
"804",2018,152.5,0.998270074078029
"805",2018,157.5,0.998934346568537
"806",2019,12.5,0
"807",2019,17.5,0
"808",2019,22.5,0
"809",2019,27.5,0
"810",2019,32.5,0
"811",2019,37.5,0
"812",2019,42.5,0
"813",2019,47.5,0
"814",2019,52.5,0
"815",2019,57.5,0
"816",2019,62.5,0
"817",2019,67.5,0.10181696903865
"818",2019,72.5,0.11734187812403
"819",2019,77.5,0.16121397007336
"820",2019,82.5,0.248008376140511
"821",2019,87.5,0.38834588235052
"822",2019,92.5,0.565528648613508
"823",2019,97.5,0.730684338634593
"824",2019,102.5,0.848267692147447
"825",2019,107.5,0.918569020340593
"826",2019,112.5,0.957135852414635
"827",2019,117.5,0.977729180452412
"828",2019,122.5,0.98858314458163
"829",2019,127.5,0.994236967031035
"830",2019,132.5,0.997131144817783
"831",2019,137.5,0.99858301510594
"832",2019,142.5,0.999301644101444
"833",2021,7.5,0
"834",2021,12.5,0
"835",2021,17.5,0
"836",2021,22.5,0
"837",2021,27.5,0
"838",2021,32.5,0
"839",2021,37.5,0
"840",2021,42.5,0
"841",2021,47.5,0
"842",2021,52.5,0
"843",2021,57.5,0
"844",2021,62.5,0
"845",2021,67.5,0.0672789611684385
"846",2021,72.5,0.0705691828393193
"847",2021,77.5,0.0948224216738515
"848",2021,82.5,0.1523992593334
"849",2021,87.5,0.249274314202876
"850",2021,92.5,0.36379807846588
"851",2021,97.5,0.446558026837552
"852",2021,102.5,0.493426410216371
"853",2021,107.5,0.556793275703083
"854",2021,112.5,0.717473923301163
"855",2021,117.5,0.931973774453787
"856",2021,122.5,0.996737603615263
"857",2021,127.5,0.999974279582979
"858",2021,132.5,0.999999964669182
"859",2021,137.5,0.999999999988301
"860",2021,142.5,1
"861",2022,12.5,2.86896369869273e-05
"862",2022,17.5,0.00145607074669204
"863",2022,22.5,0.0317984296236405
"864",2022,27.5,0
"865",2022,32.5,0
"866",2022,37.5,0
"867",2022,42.5,0
"868",2022,47.5,0
"869",2022,52.5,0
"870",2022,57.5,0
"871",2022,62.5,0
"872",2022,67.5,0.0641202030327992
"873",2022,72.5,0.0969690199865194
"874",2022,77.5,0.168913029300906
"875",2022,82.5,0.284459794804157
"876",2022,87.5,0.40343591580656
"877",2022,92.5,0.474905300129286
"878",2022,97.5,0.481851489453921
"879",2022,102.5,0.454113195068803
"880",2022,107.5,0.45890689447931
"881",2022,112.5,0.585838366322432
"882",2022,117.5,0.85722635485287
"883",2022,122.5,0.989107008422069
"884",2022,127.5,0.999835401340625
"885",2022,132.5,0.999999420275767
"886",2022,137.5,0.999999999350648
"887",2022,142.5,0.999999999999635
"888",2022,147.5,1
"889",2023,12.5,0
"890",2023,17.5,0
"891",2023,22.5,0
"892",2023,27.5,0
"893",2023,32.5,0
"894",2023,37.5,0
"895",2023,42.5,0
"896",2023,47.5,0
"897",2023,52.5,0
"898",2023,57.5,0
"899",2023,62.5,0
"900",2023,67.5,0.0828734103013668
"901",2023,72.5,0.11050298456685
"902",2023,77.5,0.172722239646822
"903",2023,82.5,0.282285976646848
"904",2023,87.5,0.425723395585018
"905",2023,92.5,0.562663754104782
"906",2023,97.5,0.661859804815727
"907",2023,102.5,0.723082329356488
"908",2023,107.5,0.762289668872299
"909",2023,112.5,0.79349136987097
"910",2023,117.5,0.827274281165697
"911",2023,122.5,0.865432147398328
"912",2023,127.5,0.903329009528647
"913",2023,132.5,0.935311071739949
"914",2023,137.5,0.958353936470189
"915",2023,142.5,0.973509592728324
"916",2023,147.5,0.983079291412238
"917",2023,152.5,0.989133452258695
"918",2023,157.5,0.993077158302634
"919",2024,17.5,0
"920",2024,22.5,0
"921",2024,27.5,0
"922",2024,32.5,0
"923",2024,37.5,0
"924",2024,42.5,0
"925",2024,47.5,0
"926",2024,52.5,0
"927",2024,57.5,0
"928",2024,62.5,0
"929",2024,67.5,0.0557218683004401
"930",2024,72.5,0.0513774029614174
"931",2024,77.5,0.0576516902140677
"932",2024,82.5,0.0787778179507573
"933",2024,87.5,0.126650583188669
"934",2024,92.5,0.22259029748393
"935",2024,97.5,0.382312146512194
"936",2024,102.5,0.579559304774326
"937",2024,107.5,0.74897927453082
"938",2024,112.5,0.858086139703834
"939",2024,117.5,0.918651346777404
"940",2024,122.5,0.951266220506248
"941",2024,127.5,0.969662248009491
"942",2024,132.5,0.980712569842852
"943",2024,137.5,0.987752973836785
"944",2024,142.5,0.992333572872064
"945",2024,147.5,0.995279492003439
"946",2024,152.5,0.997127339867149
"947",2024,157.5,0.998252734099735
"948",2025,7.5,0
"949",2025,12.5,0
"950",2025,17.5,0
"951",2025,22.5,0
"952",2025,27.5,0
"953",2025,32.5,0
"954",2025,37.5,0
"955",2025,42.5,0
"956",2025,47.5,0
"957",2025,52.5,0
"958",2025,57.5,0
"959",2025,62.5,0
"960",2025,67.5,0.153374354298306
"961",2025,72.5,0.152397358262287
"962",2025,77.5,0.172710947580178
"963",2025,82.5,0.222423815029078
"964",2025,87.5,0.301017472394904
"965",2025,92.5,0.383019118898018
"966",2025,97.5,0.413781378073467
"967",2025,102.5,0.377566442306175
"968",2025,107.5,0.307039284994849
"969",2025,112.5,0.26339082181813
"970",2025,117.5,0.319973581719828
"971",2025,122.5,0.53674170853613
"972",2025,127.5,0.823561160737336
"973",2025,132.5,0.950321902537183
"974",2025,137.5,0.973340096066181
"975",2025,142.5,0.961705876952574
"976",2025,147.5,0.898311562243828
"977",2025,152.5,0.914475197424357
"978",2025,162.5,0.999999999495748
